epoch,train_r2,validation_r2,train_rmse,validation_rmse,time,band_1,band_2,band_3,band_4,band_5
0,0,0,0.41033,0.4109,0.6,696,1390,2082,2772,3465
1,0,0,0.40569,0.4063,0.6,695,1390,2083,2772,3464
2,0,0,0.40108,0.40172,0.61,695,1390,2083,2771,3464
3,0,0,0.3965,0.39716,0.62,694,1389,2084,2770,3463
4,0,0,0.39193,0.39262,0.62,694,1389,2084,2769,3463
5,0,0,0.38739,0.3881,0.63,693,1389,2085,2768,3463
6,0,0,0.38287,0.38359,0.64,692,1390,2085,2767,3462
7,0,0,0.37835,0.37911,0.65,692,1390,2085,2766,3462
8,0,0,0.37384,0.37463,0.66,691,1390,2084,2765,3461
9,0,0,0.36934,0.37015,0.66,691,1389,2084,2764,3461
10,0,0,0.36483,0.36566,0.67,690,1389,2084,2763,3460
11,0,0,0.36031,0.36117,0.68,690,1389,2084,2762,3460
12,0,0,0.35579,0.35669,0.69,689,1389,2085,2761,3459
13,0,0,0.35126,0.35219,0.69,689,1390,2085,2761,3459
14,0,0,0.34671,0.34769,0.7,688,1390,2084,2760,3458
15,0,0,0.34214,0.34316,0.71,688,1389,2084,2759,3458
16,0,0,0.33757,0.33862,0.71,687,1389,2084,2758,3457
17,0,0,0.33298,0.33407,0.72,686,1389,2085,2757,3457
18,0,0,0.32838,0.32951,0.73,686,1389,2085,2757,3456
19,0,0,0.32377,0.32493,0.74,685,1389,2084,2756,3456
20,0,0,0.31913,0.32034,0.75,685,1389,2084,2755,3455
21,0,0,0.31449,0.31574,0.76,684,1389,2084,2754,3455
22,0,0,0.30983,0.31112,0.76,684,1389,2085,2753,3455
23,0,0,0.30515,0.30649,0.77,683,1389,2085,2752,3454
24,0,0,0.30046,0.30184,0.78,682,1389,2084,2752,3454
25,0,0,0.29576,0.29718,0.79,682,1389,2084,2751,3453
26,0,0,0.29104,0.2925,0.79,681,1389,2084,2750,3453
27,0,0,0.28632,0.2878,0.8,681,1389,2085,2749,3452
28,0,0,0.28158,0.28309,0.81,680,1389,2084,2748,3452
29,0,0,0.27683,0.27838,0.82,680,1389,2084,2747,3451
30,0,0,0.27207,0.27366,0.83,679,1389,2084,2746,3451
31,0,0,0.26731,0.26894,0.83,679,1389,2084,2746,3450
32,0,0,0.26255,0.26421,0.84,678,1389,2084,2745,3450
33,0,0,0.25778,0.25949,0.85,677,1389,2084,2744,3449
34,0,0,0.25302,0.25477,0.86,677,1389,2084,2743,3449
35,0,0,0.24826,0.25006,0.87,676,1389,2084,2742,3448
36,0,0,0.24351,0.24535,0.88,676,1389,2084,2741,3447
37,0,0,0.23877,0.24065,0.89,675,1389,2084,2740,3447
38,0,0,0.23405,0.23597,0.9,675,1389,2084,2740,3446
39,0,0,0.22937,0.23131,0.91,674,1389,2084,2739,3446
40,0,0,0.22473,0.22669,0.92,674,1389,2084,2738,3445
41,0,0,0.22014,0.22211,0.93,673,1389,2084,2737,3445
42,0,0,0.21562,0.21758,0.94,673,1389,2084,2736,3444
43,0,0,0.21117,0.21315,0.95,672,1389,2084,2735,3443
44,0,0,0.20681,0.20881,0.96,672,1389,2084,2734,3443
45,0,0,0.20255,0.20457,0.97,671,1389,2084,2733,3442
46,0,0,0.19841,0.20044,0.98,671,1389,2084,2732,3442
47,0,0,0.1944,0.19644,0.99,670,1389,2084,2732,3441
48,0,0,0.19054,0.19259,0.99,670,1389,2084,2731,3441
49,0,0,0.18682,0.18888,1.0,669,1389,2084,2730,3440
50,0,0,0.18327,0.18534,1.01,669,1389,2084,2729,3439
51,0,0,0.17989,0.18196,1.02,668,1389,2084,2728,3439
52,0,0,0.17668,0.17877,1.03,668,1389,2084,2727,3438
53,0,0,0.17367,0.17575,1.05,667,1389,2084,2727,3438
54,0,0,0.17084,0.17292,1.06,667,1389,2084,2726,3437
55,0,0,0.1682,0.17027,1.07,666,1389,2084,2725,3437
56,0,0,0.16573,0.1678,1.08,666,1389,2084,2724,3436
57,0,0,0.16343,0.16548,1.09,666,1389,2084,2724,3435
58,0,0,0.16131,0.16334,1.11,665,1389,2084,2723,3435
59,0,0,0.15937,0.16135,1.12,665,1389,2084,2722,3434
60,0,0,0.15761,0.15954,1.13,665,1390,2084,2722,3434
61,0,0,0.15604,0.15793,1.13,664,1390,2084,2721,3434
62,0,0,0.15468,0.1565,1.14,664,1390,2083,2721,3433
63,0,0,0.15354,0.15529,1.15,664,1390,2082,2720,3433
64,0,0,0.15261,0.15428,1.16,663,1390,2082,2719,3432
65,0,0,0.15189,0.15347,1.17,663,1390,2081,2719,3432
66,0,0,0.15134,0.15285,1.18,663,1390,2080,2718,3431
67,0,0,0.15096,0.15239,1.19,662,1390,2079,2718,3431
68,0,0,0.15071,0.15207,1.2,662,1390,2077,2718,3430
69,0,0,0.15057,0.15187,1.21,662,1391,2076,2717,3430
70,0,0,0.15052,0.15175,1.21,662,1391,2075,2717,3430
71,0,0,0.15053,0.15171,1.22,662,1392,2073,2716,3429
72,0,0,0.15058,0.15171,1.23,662,1392,2072,2716,3429
73,0,0,0.15064,0.15173,1.24,661,1393,2070,2715,3429
74,0,0,0.15069,0.15175,1.25,661,1393,2069,2715,3429
75,0,0,0.15072,0.15177,1.25,661,1393,2067,2715,3428
76,0,0,0.15073,0.15176,1.26,661,1394,2066,2715,3428
77,0,0,0.15069,0.15172,1.27,661,1394,2064,2714,3428
78,0,0,0.1506,0.15165,1.28,661,1395,2062,2714,3428
79,0,0,0.15048,0.15155,1.28,661,1395,2061,2714,3428
80,0,0,0.15031,0.15141,1.29,661,1396,2059,2714,3427
81,0,0,0.15011,0.15124,1.3,661,1396,2057,2714,3427
82,0,0,0.14988,0.15105,1.31,661,1396,2055,2713,3427
83,0,0,0.14962,0.15083,1.31,661,1397,2053,2713,3427
84,0,0,0.14935,0.1506,1.32,661,1397,2051,2713,3427
85,0,0,0.14906,0.15037,1.33,661,1398,2049,2713,3427
86,0,0,0.14877,0.15013,1.34,661,1398,2047,2713,3427
87,0,0,0.14848,0.1499,1.35,661,1397,2045,2712,3428
88,0,0,0.14819,0.14967,1.36,661,1397,2043,2712,3428
89,0,0,0.14791,0.14945,1.37,661,1397,2041,2712,3428
90,0,0,0.14764,0.14923,1.37,661,1396,2039,2712,3428
91,0,0,0.14737,0.14902,1.38,661,1397,2037,2711,3428
92,0,0,0.14712,0.14883,1.39,662,1397,2035,2711,3428
93,0,0,0.14688,0.14864,1.4,662,1397,2033,2711,3428
94,0,0,0.14666,0.14846,1.41,662,1397,2031,2711,3428
95,0,0,0.14645,0.14829,1.42,662,1397,2029,2711,3428
96,0,0,0.14625,0.14813,1.42,662,1397,2026,2711,3428
97,0,0,0.14607,0.14798,1.43,662,1397,2024,2711,3428
98,0,0,0.14589,0.14783,1.44,662,1397,2023,2710,3428
99,0,0,0.14571,0.14769,1.45,662,1397,2021,2710,3428
100,0,0,0.14553,0.14754,1.45,662,1397,2019,2710,3428
101,0,0,0.14535,0.14739,1.46,662,1397,2017,2710,3428
102,0,0,0.14516,0.14724,1.47,662,1397,2016,2710,3428
103,0,0.00062,0.14496,0.14708,1.48,662,1397,2014,2710,3428
104,0,0.0031,0.14476,0.1469,1.49,662,1397,2013,2710,3428
105,0.00147,0.00569,0.14454,0.14671,1.49,661,1397,2012,2709,3428
106,0.00464,0.00837,0.14431,0.14651,1.5,661,1397,2011,2709,3428
107,0.00797,0.01116,0.14407,0.14631,1.51,661,1397,2010,2709,3428
108,0.01146,0.01441,0.14382,0.14606,1.52,661,1397,2009,2709,3428
109,0.01507,0.01777,0.14355,0.14582,1.52,661,1397,2009,2708,3428
110,0.01878,0.02124,0.14328,0.14556,1.53,661,1397,2008,2708,3428
111,0.02256,0.02494,0.14301,0.14528,1.54,661,1397,2008,2708,3428
112,0.02638,0.02868,0.14273,0.145,1.55,661,1397,2007,2708,3428
113,0.03029,0.03239,0.14244,0.14473,1.55,661,1397,2007,2708,3428
114,0.0342,0.03613,0.14215,0.14445,1.56,661,1397,2006,2707,3428
115,0.03808,0.03993,0.14187,0.14416,1.57,660,1397,2006,2707,3428
116,0.04193,0.04369,0.14158,0.14388,1.58,660,1397,2006,2707,3428
117,0.04572,0.04742,0.1413,0.1436,1.59,660,1397,2006,2707,3428
118,0.04958,0.05108,0.14102,0.14332,1.59,660,1397,2006,2707,3428
119,0.0534,0.05471,0.14073,0.14305,1.6,660,1397,2006,2706,3428
120,0.05718,0.05824,0.14045,0.14278,1.61,660,1397,2006,2706,3428
121,0.06088,0.06158,0.14017,0.14253,1.61,660,1397,2006,2706,3428
122,0.06452,0.06477,0.1399,0.14228,1.62,660,1397,2006,2705,3428
123,0.06806,0.06783,0.13964,0.14205,1.63,659,1397,2006,2705,3428
124,0.07147,0.07083,0.13938,0.14182,1.63,659,1397,2006,2705,3428
125,0.07484,0.07373,0.13913,0.1416,1.64,659,1397,2006,2705,3428
126,0.07818,0.07652,0.13888,0.14139,1.65,659,1397,2006,2705,3428
127,0.08146,0.07921,0.13863,0.14118,1.66,659,1397,2006,2705,3428
128,0.08469,0.08184,0.13839,0.14098,1.66,659,1397,2006,2705,3428
129,0.08787,0.08449,0.13815,0.14078,1.67,658,1397,2007,2704,3428
130,0.091,0.08715,0.13791,0.14057,1.68,658,1397,2007,2704,3427
131,0.09412,0.08977,0.13767,0.14037,1.68,658,1397,2007,2704,3427
132,0.09724,0.09239,0.13743,0.14017,1.69,658,1397,2007,2704,3427
133,0.10035,0.09507,0.1372,0.13996,1.7,658,1397,2007,2704,3427
134,0.10348,0.09775,0.13696,0.13975,1.71,658,1397,2007,2703,3427
135,0.10661,0.10046,0.13672,0.13954,1.71,657,1397,2007,2703,3427
136,0.10973,0.10318,0.13648,0.13933,1.72,657,1397,2007,2703,3427
137,0.11284,0.10591,0.13624,0.13912,1.73,657,1397,2007,2703,3427
138,0.11593,0.10865,0.136,0.13891,1.73,657,1397,2007,2702,3426
139,0.119,0.11139,0.13577,0.13869,1.74,657,1397,2007,2702,3426
140,0.12205,0.11412,0.13553,0.13848,1.75,656,1397,2007,2702,3426
141,0.12506,0.11684,0.1353,0.13827,1.75,656,1397,2008,2702,3426
142,0.12806,0.11953,0.13507,0.13806,1.76,656,1397,2008,2702,3425
143,0.13104,0.12222,0.13484,0.13784,1.77,655,1397,2008,2702,3425
144,0.13401,0.12491,0.13461,0.13763,1.77,655,1397,2008,2701,3425
145,0.13697,0.1276,0.13438,0.13742,1.78,655,1397,2008,2701,3424
146,0.13993,0.13029,0.13415,0.13721,1.79,655,1397,2008,2701,3424
147,0.1429,0.13298,0.13391,0.137,1.8,654,1397,2008,2701,3424
148,0.14587,0.13568,0.13368,0.13678,1.8,654,1397,2008,2701,3423
149,0.14884,0.13835,0.13345,0.13657,1.81,654,1397,2008,2701,3423
150,0.1518,0.14102,0.13322,0.13636,1.82,653,1397,2008,2700,3423
151,0.15474,0.14367,0.13299,0.13615,1.82,653,1397,2008,2700,3422
152,0.15768,0.1463,0.13275,0.13594,1.83,653,1397,2008,2700,3422
153,0.16059,0.14891,0.13252,0.13573,1.84,652,1397,2008,2700,3422
154,0.16349,0.15151,0.1323,0.13553,1.85,652,1397,2008,2699,3421
155,0.16636,0.1541,0.13207,0.13532,1.85,651,1397,2009,2699,3421
156,0.16921,0.15666,0.13184,0.13511,1.86,651,1397,2009,2699,3420
157,0.17204,0.1592,0.13162,0.13491,1.87,651,1397,2009,2699,3420
158,0.17485,0.16173,0.13139,0.13471,1.88,650,1397,2009,2698,3420
159,0.17764,0.16427,0.13117,0.1345,1.89,650,1397,2009,2698,3419
160,0.18042,0.16682,0.13095,0.1343,1.91,650,1397,2009,2698,3419
161,0.18319,0.16936,0.13073,0.13409,1.92,649,1397,2009,2698,3418
162,0.18592,0.17188,0.13051,0.13389,1.94,649,1397,2009,2697,3418
163,0.18865,0.17439,0.13029,0.13369,1.95,648,1397,2009,2697,3417
164,0.19135,0.1769,0.13007,0.13348,1.96,648,1397,2009,2697,3417
165,0.19403,0.17941,0.12986,0.13328,1.97,647,1397,2009,2696,3416
166,0.19668,0.1819,0.12964,0.13308,1.98,647,1397,2009,2696,3416
167,0.19931,0.18438,0.12943,0.13287,1.99,646,1397,2009,2696,3415
168,0.20193,0.18689,0.12922,0.13267,2.0,646,1397,2009,2696,3415
169,0.20454,0.1894,0.12901,0.13247,2.0,645,1397,2009,2695,3415
170,0.20713,0.19187,0.1288,0.13226,2.01,645,1397,2009,2695,3414
171,0.20969,0.19428,0.12859,0.13207,2.02,644,1397,2009,2695,3414
172,0.21222,0.19665,0.12838,0.13187,2.03,644,1397,2009,2694,3413
173,0.21474,0.19903,0.12818,0.13168,2.04,643,1397,2009,2694,3413
174,0.21723,0.20139,0.12798,0.13148,2.05,643,1397,2009,2694,3412
175,0.21969,0.20373,0.12777,0.13129,2.06,642,1397,2009,2693,3412
176,0.22213,0.20604,0.12757,0.1311,2.07,642,1397,2009,2693,3411
177,0.22455,0.20833,0.12738,0.13091,2.08,641,1397,2009,2693,3411
178,0.22696,0.21063,0.12718,0.13072,2.09,641,1397,2009,2692,3411
179,0.22937,0.21294,0.12698,0.13053,2.09,640,1397,2008,2692,3410
180,0.23175,0.21519,0.12678,0.13034,2.1,640,1397,2008,2692,3410
181,0.23411,0.21742,0.12659,0.13016,2.11,639,1397,2008,2691,3409
182,0.23644,0.21964,0.1264,0.12997,2.12,639,1397,2008,2691,3409
183,0.23875,0.22186,0.1262,0.12979,2.13,638,1397,2008,2690,3408
184,0.24103,0.22407,0.12601,0.1296,2.14,637,1397,2008,2690,3408
185,0.24332,0.2263,0.12582,0.12941,2.15,637,1397,2008,2689,3407
186,0.24561,0.22855,0.12563,0.12923,2.15,636,1397,2008,2689,3407
187,0.24787,0.23072,0.12545,0.12904,2.16,636,1397,2008,2689,3406
188,0.25009,0.23286,0.12526,0.12886,2.17,635,1397,2008,2688,3406
189,0.2523,0.23503,0.12508,0.12868,2.18,634,1397,2008,2688,3405
190,0.25453,0.23721,0.12489,0.1285,2.18,634,1397,2008,2687,3405
191,0.25674,0.23936,0.1247,0.12832,2.19,633,1397,2008,2687,3404
192,0.25891,0.24148,0.12452,0.12814,2.2,632,1397,2008,2686,3404
193,0.26105,0.24357,0.12434,0.12796,2.21,632,1397,2008,2686,3403
194,0.26318,0.24565,0.12416,0.12779,2.22,631,1397,2008,2685,3403
195,0.2653,0.24772,0.12398,0.12761,2.23,630,1397,2008,2684,3402
196,0.26742,0.24983,0.1238,0.12743,2.23,630,1397,2008,2684,3401
197,0.26952,0.25195,0.12363,0.12725,2.24,629,1397,2008,2683,3401
198,0.27159,0.25398,0.12345,0.12708,2.25,628,1397,2008,2683,3400
199,0.27365,0.25605,0.12328,0.1269,2.26,628,1397,2008,2682,3400
200,0.27572,0.25814,0.1231,0.12672,2.27,627,1397,2008,2681,3399
201,0.27776,0.26013,0.12293,0.12655,2.27,626,1397,2008,2680,3399
202,0.27979,0.26214,0.12276,0.12638,2.28,626,1397,2008,2680,3398
203,0.28184,0.2642,0.12258,0.1262,2.29,625,1397,2008,2679,3398
204,0.28389,0.26626,0.12241,0.12603,2.3,624,1397,2008,2678,3397
205,0.28588,0.26828,0.12224,0.12585,2.3,624,1397,2008,2677,3397
206,0.28786,0.27031,0.12206,0.12568,2.31,623,1397,2008,2676,3396
207,0.28986,0.27232,0.12189,0.12551,2.32,622,1397,2008,2675,3396
208,0.29181,0.2743,0.12173,0.12534,2.33,621,1397,2008,2674,3395
209,0.29377,0.27625,0.12156,0.12517,2.34,621,1397,2008,2673,3394
210,0.29571,0.2782,0.12139,0.125,2.34,620,1397,2008,2672,3394
211,0.29762,0.28012,0.12123,0.12483,2.35,619,1397,2008,2671,3393
212,0.29955,0.28202,0.12106,0.12467,2.36,618,1397,2008,2670,3393
213,0.30147,0.28386,0.12089,0.12451,2.37,618,1397,2008,2669,3392
214,0.30335,0.28573,0.12073,0.12434,2.38,617,1397,2008,2668,3392
215,0.30525,0.28761,0.12057,0.12418,2.39,616,1397,2008,2667,3391
216,0.30709,0.28943,0.12041,0.12402,2.4,615,1397,2008,2666,3391
217,0.30892,0.29125,0.12025,0.12386,2.4,615,1397,2008,2664,3390
218,0.31076,0.29306,0.12009,0.1237,2.41,614,1397,2009,2663,3390
219,0.31254,0.29479,0.11993,0.12355,2.42,613,1397,2009,2662,3390
220,0.31432,0.29659,0.11978,0.1234,2.43,612,1397,2009,2661,3389
221,0.31606,0.29831,0.11962,0.12324,2.43,612,1397,2009,2660,3389
222,0.31778,0.30004,0.11947,0.12309,2.44,611,1397,2009,2659,3388
223,0.31951,0.30179,0.11932,0.12294,2.45,610,1397,2009,2658,3388
224,0.32123,0.3035,0.11917,0.12279,2.46,609,1397,2009,2657,3387
225,0.32289,0.30517,0.11902,0.12264,2.46,609,1397,2009,2656,3387
226,0.32456,0.30684,0.11888,0.12249,2.47,608,1397,2009,2656,3386
227,0.32622,0.30853,0.11873,0.12234,2.48,607,1397,2009,2655,3386
228,0.32783,0.31019,0.11859,0.1222,2.48,606,1397,2009,2655,3386
229,0.32948,0.31189,0.11844,0.12205,2.49,605,1397,2009,2654,3385
230,0.33112,0.31358,0.1183,0.1219,2.5,605,1397,2010,2654,3385
231,0.33271,0.31523,0.11816,0.12175,2.51,604,1397,2010,2654,3385
232,0.33429,0.31686,0.11802,0.12161,2.52,603,1397,2010,2653,3384
233,0.33589,0.31853,0.11788,0.12146,2.52,602,1397,2010,2653,3384
234,0.33747,0.32017,0.11774,0.12131,2.53,602,1397,2010,2653,3383
235,0.33903,0.32179,0.1176,0.12117,2.54,601,1397,2010,2653,3383
236,0.34057,0.3234,0.11746,0.12102,2.55,600,1397,2010,2653,3383
237,0.34213,0.32501,0.11732,0.12088,2.55,599,1397,2010,2653,3382
238,0.34367,0.32663,0.11718,0.12073,2.56,598,1397,2010,2653,3382
239,0.3452,0.32823,0.11705,0.12059,2.57,598,1397,2010,2653,3382
240,0.3467,0.32979,0.11691,0.12045,2.58,597,1397,2011,2653,3381
241,0.34818,0.33133,0.11678,0.12031,2.59,596,1397,2011,2654,3381
242,0.34967,0.33286,0.11665,0.12017,2.59,595,1397,2011,2654,3381
243,0.35117,0.33444,0.11651,0.12003,2.6,594,1397,2011,2654,3381
244,0.35266,0.33604,0.11638,0.11989,2.61,594,1397,2011,2654,3380
245,0.35412,0.33757,0.11625,0.11975,2.62,593,1397,2011,2654,3380
246,0.35555,0.33904,0.11612,0.11961,2.63,592,1397,2011,2655,3380
247,0.35699,0.34058,0.11599,0.11948,2.63,591,1397,2012,2655,3380
248,0.35843,0.3421,0.11586,0.11934,2.64,590,1397,2012,2655,3379
249,0.35985,0.34359,0.11573,0.1192,2.65,590,1397,2012,2655,3379
250,0.36127,0.34506,0.1156,0.11907,2.66,589,1397,2012,2656,3379
251,0.36267,0.34653,0.11548,0.11893,2.67,588,1397,2012,2656,3379
252,0.36409,0.34802,0.11535,0.1188,2.67,587,1397,2012,2656,3378
253,0.36546,0.34945,0.11522,0.11867,2.68,587,1397,2013,2657,3378
254,0.36682,0.35086,0.1151,0.11854,2.69,586,1397,2013,2657,3378
255,0.36818,0.35233,0.11498,0.11841,2.7,585,1397,2013,2657,3378
256,0.36954,0.35377,0.11485,0.11827,2.7,584,1397,2013,2657,3378
257,0.37089,0.35522,0.11473,0.11814,2.71,583,1397,2013,2658,3377
258,0.37222,0.35667,0.11461,0.11801,2.72,583,1397,2013,2658,3377
259,0.37355,0.35812,0.11449,0.11788,2.73,582,1397,2014,2658,3377
260,0.37487,0.35954,0.11437,0.11775,2.74,581,1397,2014,2658,3377
261,0.37618,0.36095,0.11425,0.11762,2.75,580,1397,2014,2658,3377
262,0.37747,0.3624,0.11413,0.11748,2.75,580,1397,2014,2658,3377
263,0.37876,0.36382,0.11401,0.11735,2.76,579,1397,2015,2658,3376
264,0.38005,0.36519,0.11389,0.11722,2.77,578,1397,2015,2658,3376
265,0.38132,0.36658,0.11377,0.1171,2.78,577,1397,2015,2658,3376
266,0.38259,0.36798,0.11366,0.11697,2.79,577,1397,2015,2658,3376
267,0.38383,0.36934,0.11354,0.11684,2.8,576,1397,2015,2658,3376
268,0.38505,0.37068,0.11343,0.11672,2.8,575,1397,2016,2658,3376
269,0.38627,0.37204,0.11332,0.11659,2.81,574,1397,2016,2658,3376
270,0.3875,0.37342,0.1132,0.11646,2.82,574,1397,2016,2658,3377
271,0.38871,0.37478,0.11309,0.11634,2.83,573,1397,2017,2658,3377
272,0.38991,0.37609,0.11298,0.11621,2.83,572,1397,2017,2657,3377
273,0.39113,0.37742,0.11287,0.11609,2.84,571,1397,2017,2657,3377
274,0.39233,0.37876,0.11276,0.11596,2.85,571,1397,2017,2657,3377
275,0.39351,0.38009,0.11265,0.11584,2.86,570,1397,2018,2657,3377
276,0.39469,0.38141,0.11254,0.11572,2.86,569,1397,2018,2657,3377
277,0.39588,0.3828,0.11243,0.11559,2.87,568,1397,2018,2657,3377
278,0.39706,0.38416,0.11232,0.11546,2.88,568,1397,2019,2657,3378
279,0.39822,0.38547,0.11221,0.11534,2.89,567,1397,2019,2657,3378
280,0.39938,0.38678,0.1121,0.11521,2.9,566,1397,2019,2657,3378
281,0.40054,0.38812,0.11199,0.11509,2.91,566,1397,2019,2657,3378
282,0.40169,0.38944,0.11189,0.11496,2.92,565,1397,2020,2657,3378
283,0.40282,0.39075,0.11178,0.11484,2.92,564,1397,2020,2657,3378
284,0.40396,0.39207,0.11167,0.11472,3.04,563,1397,2020,2657,3378
285,0.40508,0.39337,0.11157,0.11459,3.05,563,1397,2021,2657,3378
286,0.40621,0.39466,0.11146,0.11447,3.06,562,1397,2021,2657,3379
287,0.40733,0.39595,0.11136,0.11435,3.07,561,1397,2021,2657,3379
288,0.40847,0.39724,0.11125,0.11423,3.08,560,1397,2022,2657,3379
289,0.4096,0.39859,0.11114,0.1141,3.09,560,1397,2022,2657,3379
290,0.41072,0.39993,0.11104,0.11397,3.1,559,1397,2022,2657,3379
291,0.41183,0.40119,0.11093,0.11385,3.11,558,1397,2023,2657,3379
292,0.41295,0.4025,0.11083,0.11373,3.12,558,1397,2023,2657,3380
293,0.41408,0.40383,0.11072,0.1136,3.13,557,1397,2024,2657,3380
294,0.41518,0.40511,0.11062,0.11348,3.14,556,1397,2024,2657,3380
295,0.41629,0.40636,0.11051,0.11336,3.15,555,1397,2024,2657,3380
296,0.4174,0.40766,0.11041,0.11324,3.15,555,1397,2025,2657,3381
297,0.41851,0.40898,0.1103,0.11311,3.16,554,1397,2025,2657,3381
298,0.41964,0.41027,0.11019,0.11299,3.17,553,1397,2026,2657,3381
299,0.42075,0.41156,0.11009,0.11286,3.18,553,1397,2026,2657,3382
300,0.42184,0.41284,0.10998,0.11274,3.19,552,1397,2026,2657,3382
301,0.42293,0.41409,0.10988,0.11262,3.19,551,1397,2027,2657,3382
302,0.42401,0.41531,0.10978,0.1125,3.2,550,1397,2027,2657,3383
303,0.4251,0.41659,0.10967,0.11238,3.21,550,1397,2028,2657,3383
304,0.4262,0.41788,0.10957,0.11225,3.22,549,1397,2028,2657,3384
305,0.42728,0.41909,0.10947,0.11214,3.23,548,1397,2028,2657,3384
306,0.42835,0.4203,0.10936,0.11202,3.24,548,1397,2029,2657,3384
307,0.42939,0.42154,0.10926,0.1119,3.25,547,1397,2029,2657,3385
308,0.43045,0.42277,0.10916,0.11178,3.26,546,1397,2029,2657,3385
309,0.43152,0.42399,0.10906,0.11166,3.27,546,1397,2030,2657,3386
310,0.43259,0.4252,0.10896,0.11155,3.28,545,1397,2030,2657,3386
311,0.43365,0.42637,0.10886,0.11143,3.29,544,1397,2030,2657,3387
312,0.43469,0.42756,0.10876,0.11132,3.29,544,1397,2031,2657,3387
313,0.43575,0.42878,0.10865,0.1112,3.3,543,1397,2031,2657,3388
314,0.43683,0.42999,0.10855,0.11108,3.31,542,1397,2031,2657,3388
315,0.43788,0.43119,0.10845,0.11096,3.32,542,1397,2032,2657,3389
316,0.43892,0.43239,0.10835,0.11085,3.33,541,1397,2032,2657,3389
317,0.43996,0.43361,0.10825,0.11073,3.34,540,1397,2032,2657,3390
318,0.441,0.43482,0.10815,0.11061,3.35,540,1397,2032,2657,3390
319,0.44204,0.43601,0.10805,0.11049,3.36,539,1397,2033,2657,3391
320,0.44307,0.43722,0.10795,0.11037,3.37,538,1397,2033,2657,3391
321,0.44408,0.43837,0.10785,0.11026,3.37,538,1397,2033,2657,3392
322,0.4451,0.4395,0.10775,0.11015,3.38,537,1397,2033,2657,3392
323,0.44615,0.44068,0.10765,0.11003,3.39,536,1397,2034,2657,3393
324,0.44717,0.44186,0.10755,0.10992,3.4,536,1397,2034,2657,3393
325,0.44818,0.44302,0.10745,0.1098,3.41,535,1397,2034,2657,3394
326,0.4492,0.44419,0.10735,0.10969,3.42,534,1397,2034,2657,3394
327,0.45021,0.44537,0.10725,0.10957,3.42,534,1397,2034,2657,3395
328,0.45122,0.44654,0.10715,0.10946,3.43,533,1397,2034,2657,3396
329,0.45224,0.44773,0.10705,0.10934,3.44,533,1397,2034,2657,3396
330,0.45325,0.44886,0.10696,0.10923,3.45,532,1397,2034,2657,3397
331,0.45424,0.44995,0.10686,0.10912,3.46,531,1397,2034,2657,3397
332,0.45526,0.45112,0.10676,0.109,3.46,531,1397,2035,2657,3398
333,0.45628,0.45231,0.10666,0.10888,3.47,530,1397,2035,2657,3398
334,0.45726,0.45346,0.10656,0.10877,3.48,529,1397,2035,2657,3399
335,0.45825,0.45458,0.10647,0.10866,3.49,529,1397,2034,2657,3400
336,0.45926,0.45568,0.10637,0.10855,3.5,528,1397,2034,2657,3400
337,0.46024,0.45678,0.10627,0.10844,3.51,527,1397,2034,2657,3401
338,0.46123,0.45791,0.10617,0.10833,3.52,527,1397,2034,2657,3401
339,0.46223,0.45905,0.10607,0.10821,3.52,526,1397,2034,2657,3402
340,0.46322,0.46013,0.10598,0.1081,3.53,526,1397,2034,2657,3403
341,0.4642,0.46118,0.10588,0.108,3.54,525,1397,2034,2657,3403
342,0.46521,0.46229,0.10578,0.10789,3.55,524,1397,2034,2657,3404
343,0.46621,0.46342,0.10568,0.10777,3.56,524,1397,2034,2657,3404
344,0.46718,0.46453,0.10558,0.10766,3.56,523,1397,2034,2657,3405
345,0.46817,0.46562,0.10549,0.10755,3.57,523,1397,2033,2657,3405
346,0.46918,0.46669,0.10539,0.10745,3.58,522,1397,2033,2657,3406
347,0.47019,0.46775,0.10529,0.10734,3.59,521,1397,2033,2657,3407
348,0.47116,0.46883,0.10519,0.10723,3.6,521,1397,2033,2657,3407
349,0.47211,0.46992,0.10509,0.10712,3.61,520,1397,2033,2657,3408
350,0.4731,0.471,0.105,0.10701,3.61,520,1397,2032,2657,3408
351,0.47409,0.47206,0.1049,0.1069,3.62,519,1397,2032,2657,3409
352,0.47505,0.4731,0.1048,0.1068,3.63,518,1397,2032,2657,3410
353,0.47601,0.47415,0.10471,0.10669,3.64,518,1397,2032,2657,3410
354,0.477,0.47522,0.10461,0.10658,3.65,517,1397,2031,2657,3411
355,0.47801,0.4763,0.10451,0.10647,3.65,517,1397,2031,2657,3411
356,0.47899,0.47736,0.10441,0.10636,3.66,516,1397,2031,2657,3412
357,0.47994,0.47837,0.10431,0.10626,3.67,515,1397,2030,2657,3413
358,0.48091,0.47939,0.10421,0.10616,3.68,515,1397,2030,2657,3413
359,0.48191,0.48044,0.10411,0.10605,3.68,514,1397,2030,2657,3414
360,0.48291,0.48151,0.10401,0.10594,3.69,514,1397,2029,2657,3414
361,0.48389,0.48257,0.10392,0.10583,3.7,513,1397,2029,2657,3415
362,0.48485,0.48358,0.10382,0.10573,3.71,512,1397,2029,2657,3416
363,0.48583,0.48461,0.10372,0.10562,3.72,512,1397,2028,2657,3416
364,0.48684,0.48567,0.10362,0.10552,3.72,511,1397,2028,2657,3417
365,0.48784,0.48674,0.10352,0.10541,3.73,511,1397,2028,2657,3418
366,0.48883,0.48778,0.10342,0.1053,3.74,510,1397,2028,2657,3418
367,0.48981,0.48875,0.10332,0.1052,3.75,509,1397,2027,2657,3419
368,0.4908,0.48973,0.10322,0.1051,3.76,509,1397,2027,2657,3419
369,0.49181,0.49079,0.10312,0.10499,3.77,508,1397,2027,2657,3420
370,0.49281,0.49187,0.10301,0.10488,3.77,508,1397,2026,2657,3421
371,0.49381,0.49295,0.10291,0.10477,3.78,507,1397,2026,2657,3421
372,0.49482,0.49397,0.10281,0.10466,3.79,506,1397,2026,2657,3422
373,0.49583,0.49497,0.10271,0.10456,3.8,506,1397,2025,2657,3422
374,0.49683,0.49597,0.1026,0.10445,3.81,505,1397,2025,2657,3423
375,0.49783,0.497,0.1025,0.10435,3.82,505,1397,2025,2657,3424
376,0.49884,0.49805,0.1024,0.10424,3.83,504,1397,2024,2657,3424
377,0.49988,0.49912,0.10229,0.10413,3.84,504,1397,2024,2657,3425
378,0.5009,0.50015,0.10219,0.10402,3.85,503,1397,2024,2657,3426
379,0.50192,0.50117,0.10208,0.10391,3.85,502,1397,2024,2657,3426
380,0.50295,0.5022,0.10198,0.10381,3.97,502,1397,2023,2657,3427
381,0.504,0.50325,0.10187,0.1037,3.98,501,1397,2023,2657,3428
382,0.50504,0.50423,0.10176,0.10359,3.99,501,1397,2023,2657,3428
383,0.50607,0.50518,0.10166,0.1035,4.0,500,1397,2023,2657,3429
384,0.50709,0.5061,0.10155,0.1034,4.01,499,1398,2023,2657,3429
385,0.50813,0.50705,0.10145,0.1033,4.02,499,1398,2022,2657,3430
386,0.50918,0.50803,0.10134,0.1032,4.03,498,1398,2022,2657,3431
387,0.51024,0.50902,0.10123,0.10309,4.04,498,1398,2022,2657,3431
388,0.51129,0.51003,0.10112,0.10299,4.05,497,1398,2022,2657,3432
389,0.51235,0.51102,0.10101,0.10288,4.06,496,1398,2022,2657,3433
390,0.51341,0.51199,0.1009,0.10278,4.07,496,1398,2022,2657,3433
391,0.51446,0.51293,0.10079,0.10268,4.08,495,1397,2021,2657,3434
392,0.51552,0.51386,0.10068,0.10258,4.09,495,1397,2021,2657,3435
393,0.51658,0.51481,0.10057,0.10248,4.09,494,1397,2021,2657,3436
394,0.51765,0.51569,0.10046,0.10239,4.1,494,1397,2021,2657,3436
395,0.5187,0.51655,0.10035,0.1023,4.11,493,1397,2021,2657,3437
396,0.51974,0.51746,0.10024,0.1022,4.12,492,1397,2021,2657,3438
397,0.52077,0.51842,0.10013,0.1021,4.13,492,1397,2021,2657,3438
398,0.5218,0.51938,0.10003,0.102,4.13,491,1397,2021,2657,3439
399,0.52284,0.52028,0.09992,0.1019,4.14,491,1397,2021,2657,3440
400,0.52388,0.52119,0.09981,0.10181,4.15,490,1397,2021,2657,3440
401,0.52491,0.52212,0.0997,0.10171,4.16,489,1397,2020,2657,3441
402,0.52593,0.52304,0.09959,0.10161,4.16,489,1397,2020,2657,3442
403,0.52696,0.52396,0.09949,0.10151,4.17,488,1397,2020,2657,3443
404,0.52797,0.52489,0.09938,0.10141,4.18,488,1397,2020,2657,3443
405,0.52897,0.5258,0.09927,0.10132,4.19,487,1397,2020,2657,3444
406,0.52998,0.52672,0.09917,0.10122,4.19,487,1397,2020,2657,3445
407,0.531,0.52765,0.09906,0.10112,4.2,486,1397,2020,2657,3445
408,0.53201,0.52859,0.09895,0.10102,4.21,485,1397,2020,2657,3446
409,0.53303,0.52947,0.09884,0.10092,4.21,485,1397,2020,2657,3447
410,0.53405,0.53035,0.09874,0.10083,4.22,484,1397,2020,2657,3447
411,0.53506,0.53128,0.09863,0.10073,4.23,484,1397,2020,2657,3448
412,0.53605,0.53218,0.09852,0.10063,4.24,483,1397,2020,2657,3449
413,0.53704,0.53303,0.09842,0.10054,4.25,482,1397,2020,2657,3450
414,0.53802,0.53387,0.09832,0.10045,4.26,482,1397,2020,2657,3450
415,0.539,0.53474,0.09821,0.10036,4.26,481,1397,2020,2657,3451
416,0.53998,0.53555,0.09811,0.10027,4.27,481,1397,2020,2657,3452
417,0.54094,0.53636,0.098,0.10018,4.28,480,1397,2020,2657,3452
418,0.5419,0.53721,0.0979,0.10009,4.29,480,1397,2020,2657,3453
419,0.54286,0.53807,0.0978,0.1,4.3,479,1397,2020,2657,3453
420,0.54381,0.53888,0.0977,0.09991,4.31,479,1397,2019,2657,3454
421,0.54476,0.5397,0.0976,0.09982,4.31,478,1397,2019,2657,3455
422,0.54573,0.54057,0.09749,0.09973,4.32,478,1397,2019,2657,3455
423,0.54671,0.54146,0.09739,0.09963,4.33,477,1397,2019,2657,3456
424,0.54768,0.54234,0.09728,0.09953,4.34,477,1397,2019,2657,3456
425,0.54863,0.54318,0.09718,0.09944,4.35,476,1397,2019,2657,3457
426,0.54959,0.544,0.09708,0.09935,4.35,476,1397,2019,2657,3458
427,0.55055,0.54483,0.09697,0.09926,4.36,475,1397,2019,2657,3458
428,0.55151,0.5457,0.09687,0.09917,4.37,475,1397,2019,2657,3459
429,0.55248,0.54659,0.09676,0.09907,4.38,474,1397,2019,2657,3459
430,0.55344,0.54745,0.09666,0.09898,4.39,474,1397,2019,2657,3460
431,0.55441,0.54829,0.09656,0.09888,4.39,473,1397,2019,2657,3460
432,0.55538,0.54913,0.09645,0.09879,4.4,473,1397,2019,2657,3460
433,0.55634,0.54996,0.09635,0.0987,4.41,472,1397,2019,2657,3461
434,0.55729,0.55079,0.09624,0.09861,4.42,472,1397,2019,2657,3461
435,0.55826,0.55162,0.09614,0.09852,4.43,471,1397,2019,2657,3462
436,0.55922,0.55247,0.09603,0.09843,4.44,471,1397,2019,2657,3462
437,0.5602,0.55335,0.09593,0.09833,4.45,470,1397,2019,2657,3462
438,0.56118,0.55421,0.09582,0.09823,4.46,470,1397,2019,2657,3463
439,0.56215,0.55506,0.09571,0.09814,4.46,470,1397,2019,2657,3463
440,0.56312,0.5559,0.09561,0.09805,4.47,469,1397,2019,2657,3464
441,0.56407,0.55675,0.0955,0.09795,4.48,469,1397,2019,2657,3464
442,0.56502,0.55761,0.0954,0.09786,4.49,468,1397,2019,2657,3464
443,0.56597,0.55849,0.09529,0.09776,4.5,468,1397,2019,2657,3464
444,0.56693,0.55936,0.09519,0.09767,4.51,467,1397,2019,2657,3465
445,0.56788,0.56023,0.09508,0.09757,4.51,467,1397,2019,2657,3465
446,0.56883,0.56112,0.09498,0.09747,4.52,466,1397,2019,2657,3465
447,0.56977,0.56204,0.09488,0.09737,4.53,466,1397,2019,2657,3465
448,0.57072,0.56298,0.09477,0.09726,4.54,465,1397,2019,2657,3465
449,0.57167,0.56387,0.09467,0.09716,4.54,465,1397,2019,2657,3465
450,0.57263,0.56473,0.09456,0.09707,4.55,465,1397,2019,2657,3465
451,0.57358,0.56559,0.09446,0.09697,4.56,464,1397,2019,2657,3465
452,0.57453,0.56648,0.09435,0.09687,4.57,464,1397,2019,2657,3465
453,0.57548,0.56739,0.09425,0.09677,4.57,463,1397,2019,2657,3465
454,0.57643,0.56829,0.09414,0.09667,4.58,463,1397,2019,2657,3465
455,0.57738,0.56917,0.09403,0.09657,4.59,462,1397,2019,2657,3465
456,0.57834,0.57004,0.09393,0.09647,4.6,462,1397,2019,2657,3465
457,0.57931,0.57091,0.09382,0.09638,4.6,461,1397,2019,2657,3465
458,0.58026,0.57177,0.09371,0.09628,4.61,461,1397,2019,2657,3465
459,0.58122,0.57263,0.09361,0.09618,4.62,461,1397,2019,2657,3465
460,0.58217,0.57351,0.0935,0.09608,4.63,460,1397,2019,2657,3465
461,0.58314,0.57443,0.09339,0.09598,4.63,460,1397,2019,2657,3464
462,0.58412,0.57535,0.09328,0.09588,4.64,459,1397,2019,2657,3464
463,0.58509,0.57623,0.09317,0.09578,4.65,459,1397,2019,2657,3464
464,0.58604,0.57706,0.09306,0.09568,4.66,458,1397,2019,2657,3464
465,0.58699,0.57789,0.09296,0.09559,4.67,458,1397,2019,2657,3464
466,0.58794,0.57873,0.09285,0.09549,4.68,457,1397,2019,2657,3464
467,0.58889,0.57956,0.09274,0.0954,4.68,457,1397,2019,2657,3464
468,0.58984,0.58039,0.09264,0.09531,4.69,457,1397,2019,2657,3464
469,0.59079,0.58121,0.09253,0.09521,4.7,456,1397,2019,2657,3463
470,0.59174,0.58205,0.09242,0.09512,4.71,456,1397,2019,2657,3463
471,0.59269,0.5829,0.09231,0.09502,4.72,455,1397,2019,2657,3463
472,0.59365,0.58373,0.09221,0.09493,4.73,455,1397,2019,2657,3463
473,0.5946,0.58455,0.0921,0.09483,4.74,455,1397,2019,2657,3463
474,0.59557,0.58535,0.09199,0.09474,4.75,454,1397,2019,2657,3463
475,0.59654,0.58618,0.09188,0.09465,4.76,454,1397,2019,2657,3463
476,0.59751,0.58702,0.09177,0.09455,4.77,453,1397,2019,2657,3463
477,0.59847,0.58787,0.09166,0.09445,4.77,453,1397,2019,2657,3463
478,0.59943,0.5887,0.09155,0.09436,4.78,452,1397,2019,2657,3463
479,0.60039,0.58952,0.09144,0.09426,4.79,452,1397,2019,2657,3463
480,0.60136,0.59033,0.09133,0.09417,4.8,452,1397,2019,2657,3463
481,0.60233,0.59113,0.09122,0.09408,4.8,451,1397,2019,2657,3464
482,0.6033,0.59195,0.0911,0.09398,4.81,451,1397,2019,2657,3464
483,0.60427,0.59278,0.09099,0.09389,4.82,450,1397,2018,2657,3464
484,0.60523,0.59361,0.09088,0.09379,4.83,450,1397,2018,2657,3464
485,0.60619,0.59443,0.09077,0.0937,4.84,450,1397,2018,2657,3464
486,0.60716,0.59524,0.09066,0.0936,4.84,449,1397,2018,2657,3464
487,0.60813,0.59607,0.09055,0.09351,4.85,449,1397,2018,2657,3463
488,0.6091,0.5969,0.09044,0.09341,4.86,448,1397,2018,2657,3463
489,0.61007,0.59774,0.09032,0.09332,4.87,448,1397,2018,2657,3463
490,0.61103,0.59857,0.09021,0.09322,4.88,448,1397,2018,2657,3463
491,0.612,0.5994,0.0901,0.09312,4.88,447,1397,2018,2657,3463
492,0.61298,0.60025,0.08999,0.09302,4.89,447,1397,2017,2657,3463
493,0.61396,0.60108,0.08987,0.09293,4.9,446,1397,2017,2657,3463
494,0.61494,0.60188,0.08976,0.09283,4.91,446,1397,2017,2657,3463
495,0.6159,0.60268,0.08965,0.09274,4.92,446,1397,2017,2657,3463
496,0.61686,0.60346,0.08953,0.09265,4.93,445,1397,2017,2657,3463
497,0.61783,0.60422,0.08942,0.09256,4.94,445,1397,2017,2657,3463
498,0.6188,0.60497,0.08931,0.09247,4.94,444,1397,2017,2657,3463
499,0.61977,0.60573,0.08919,0.09238,4.95,444,1397,2017,2657,3463
500,0.62073,0.60652,0.08908,0.09229,4.96,444,1397,2018,2657,3463
501,0.62168,0.60732,0.08897,0.0922,4.97,443,1397,2018,2657,3463
502,0.62264,0.6081,0.08886,0.09211,4.98,443,1397,2018,2657,3463
503,0.6236,0.60887,0.08874,0.09202,4.99,442,1397,2018,2657,3463
504,0.62456,0.60964,0.08863,0.09192,4.99,442,1397,2018,2657,3464
505,0.62553,0.61043,0.08852,0.09183,5.0,442,1397,2018,2657,3464
506,0.62649,0.61121,0.0884,0.09174,5.01,441,1397,2018,2657,3463
507,0.62745,0.61198,0.08829,0.09165,5.02,441,1397,2018,2657,3463
508,0.62841,0.61275,0.08817,0.09156,5.03,441,1397,2018,2657,3463
509,0.62938,0.61351,0.08806,0.09147,5.04,440,1397,2018,2657,3463
510,0.63035,0.61428,0.08794,0.09138,5.05,440,1397,2018,2657,3463
511,0.63134,0.61506,0.08783,0.09128,5.06,440,1397,2018,2657,3463
512,0.63233,0.61583,0.08771,0.09119,5.07,439,1397,2017,2657,3463
513,0.63333,0.6166,0.08759,0.0911,5.08,439,1397,2017,2657,3463
514,0.63432,0.61735,0.08747,0.09101,5.09,438,1397,2017,2657,3463
515,0.6353,0.61808,0.08735,0.09092,5.09,438,1397,2017,2657,3463
516,0.63628,0.6188,0.08724,0.09084,5.1,438,1397,2017,2657,3463
517,0.63725,0.61948,0.08712,0.09076,5.11,437,1397,2017,2657,3463
518,0.63821,0.62015,0.087,0.09068,5.12,437,1397,2017,2657,3463
519,0.63917,0.62083,0.08689,0.0906,5.13,437,1397,2018,2657,3463
520,0.64012,0.62154,0.08677,0.09051,5.14,436,1397,2018,2657,3463
521,0.64106,0.62227,0.08666,0.09043,5.15,436,1397,2018,2657,3463
522,0.642,0.62302,0.08655,0.09033,5.16,436,1397,2018,2657,3463
523,0.64293,0.6238,0.08643,0.09024,5.17,435,1397,2018,2657,3463
524,0.64387,0.62458,0.08632,0.09015,5.18,435,1397,2018,2657,3463
525,0.64481,0.62537,0.08621,0.09005,5.19,434,1397,2018,2657,3463
526,0.64574,0.62617,0.08609,0.08996,5.19,434,1397,2018,2657,3463
527,0.64668,0.62697,0.08598,0.08986,5.2,434,1397,2018,2657,3463
528,0.64761,0.62779,0.08587,0.08976,5.21,433,1397,2017,2657,3463
529,0.64855,0.62862,0.08575,0.08966,5.22,433,1397,2017,2657,3463
530,0.64948,0.62944,0.08564,0.08956,5.23,433,1397,2017,2657,3463
531,0.65041,0.63025,0.08552,0.08946,5.23,432,1397,2017,2657,3463
532,0.65134,0.63103,0.08541,0.08937,5.24,432,1397,2017,2657,3463
533,0.65226,0.63181,0.0853,0.08928,5.25,432,1397,2017,2657,3463
534,0.65318,0.63257,0.08518,0.08918,5.26,431,1397,2017,2657,3463
535,0.65409,0.63331,0.08507,0.08909,5.26,431,1397,2017,2657,3463
536,0.65499,0.63401,0.08496,0.08901,5.27,431,1397,2018,2657,3463
537,0.65589,0.6347,0.08485,0.08892,5.28,430,1397,2018,2657,3463
538,0.65679,0.63539,0.08474,0.08884,5.29,430,1397,2018,2657,3464
539,0.6577,0.6361,0.08463,0.08875,5.29,430,1397,2018,2657,3464
540,0.6586,0.63681,0.08452,0.08867,5.3,429,1397,2018,2657,3464
541,0.65949,0.6375,0.08441,0.08858,5.31,429,1397,2018,2657,3464
542,0.66037,0.63817,0.0843,0.0885,5.32,429,1397,2018,2657,3464
543,0.66124,0.63882,0.08419,0.08842,5.33,429,1397,2018,2657,3464
544,0.6621,0.63946,0.08408,0.08834,5.33,428,1397,2017,2657,3464
545,0.66297,0.64011,0.08397,0.08826,5.34,428,1397,2017,2657,3464
546,0.66385,0.64077,0.08386,0.08818,5.35,428,1397,2017,2657,3464
547,0.66473,0.64142,0.08375,0.0881,5.36,427,1397,2017,2657,3464
548,0.6656,0.64204,0.08365,0.08803,5.37,427,1397,2017,2657,3464
549,0.66647,0.64264,0.08354,0.08795,5.38,427,1397,2017,2657,3464
550,0.66733,0.64321,0.08343,0.08788,5.39,426,1397,2017,2657,3464
551,0.66819,0.64377,0.08332,0.08781,5.39,426,1397,2017,2657,3464
552,0.66904,0.64433,0.08321,0.08775,5.4,426,1397,2017,2657,3464
553,0.66989,0.64489,0.08311,0.08768,5.41,425,1397,2017,2657,3464
554,0.67073,0.64546,0.083,0.08761,5.42,425,1397,2017,2657,3464
555,0.67158,0.64606,0.08289,0.08753,5.42,425,1397,2017,2657,3464
556,0.67242,0.64668,0.08279,0.08745,5.43,425,1397,2017,2657,3464
557,0.67326,0.64729,0.08268,0.08738,5.44,424,1397,2017,2657,3464
558,0.6741,0.64787,0.08258,0.08731,5.45,424,1397,2017,2657,3464
559,0.67494,0.64844,0.08247,0.08724,5.45,424,1397,2017,2657,3464
560,0.67578,0.64899,0.08236,0.08717,5.46,423,1397,2017,2657,3464
561,0.67662,0.64955,0.08226,0.0871,5.47,423,1397,2017,2657,3464
562,0.67746,0.65012,0.08215,0.08703,5.47,423,1397,2017,2657,3464
563,0.67829,0.6507,0.08204,0.08696,5.48,423,1397,2017,2657,3464
564,0.67913,0.65128,0.08194,0.08688,5.49,422,1397,2017,2657,3464
565,0.67995,0.65188,0.08183,0.08681,5.5,422,1397,2017,2657,3464
566,0.68076,0.65247,0.08173,0.08673,5.51,422,1397,2017,2657,3464
567,0.68157,0.65306,0.08162,0.08666,5.51,421,1397,2017,2657,3464
568,0.68237,0.65364,0.08152,0.08659,5.52,421,1397,2018,2657,3464
569,0.68318,0.65422,0.08142,0.08652,5.53,421,1397,2018,2657,3464
570,0.68399,0.65479,0.08131,0.08644,5.54,421,1397,2018,2657,3464
571,0.68481,0.65536,0.08121,0.08637,5.55,420,1397,2017,2657,3464
572,0.68563,0.6559,0.0811,0.08631,5.56,420,1397,2017,2657,3464
573,0.68644,0.65643,0.081,0.08624,5.57,420,1397,2017,2657,3464
574,0.68726,0.65696,0.08089,0.08617,5.57,419,1397,2017,2657,3464
575,0.68807,0.65748,0.08079,0.08611,5.58,419,1397,2017,2657,3464
576,0.68887,0.65803,0.08068,0.08604,5.59,419,1397,2017,2657,3464
577,0.68967,0.65858,0.08058,0.08597,5.6,419,1397,2017,2657,3464
578,0.69046,0.65915,0.08048,0.0859,5.61,418,1397,2017,2657,3464
579,0.69124,0.6597,0.08037,0.08583,5.62,418,1397,2017,2657,3464
580,0.69202,0.66024,0.08027,0.08576,5.63,418,1397,2017,2657,3464
581,0.6928,0.66077,0.08017,0.08569,5.64,418,1397,2017,2657,3464
582,0.69358,0.66128,0.08007,0.08563,5.65,417,1397,2017,2657,3464
583,0.69435,0.6618,0.07997,0.08556,5.66,417,1397,2017,2657,3464
584,0.69514,0.66232,0.07987,0.0855,5.67,417,1397,2017,2657,3464
585,0.69592,0.66285,0.07976,0.08543,5.68,417,1397,2017,2657,3464
586,0.6967,0.66337,0.07966,0.08536,5.68,416,1397,2017,2657,3464
587,0.69747,0.66391,0.07956,0.0853,5.69,416,1397,2017,2657,3464
588,0.69824,0.66444,0.07946,0.08523,5.7,416,1397,2017,2657,3464
589,0.699,0.66497,0.07936,0.08516,5.71,416,1397,2017,2657,3464
590,0.69976,0.66548,0.07926,0.0851,5.72,415,1397,2017,2657,3464
591,0.70051,0.66599,0.07916,0.08503,5.73,415,1397,2017,2657,3464
592,0.70126,0.66648,0.07906,0.08497,5.74,415,1397,2017,2657,3464
593,0.702,0.66697,0.07896,0.08491,5.74,415,1397,2017,2657,3464
594,0.70275,0.66746,0.07886,0.08484,5.75,414,1397,2017,2657,3464
595,0.70349,0.66795,0.07876,0.08478,5.76,414,1397,2017,2657,3464
596,0.70424,0.66845,0.07867,0.08472,5.77,414,1397,2017,2657,3464
597,0.70498,0.66894,0.07857,0.08465,5.78,414,1397,2017,2657,3464
598,0.70572,0.66944,0.07847,0.08459,5.79,414,1397,2017,2657,3464
599,0.70647,0.66992,0.07837,0.08453,5.79,413,1397,2017,2657,3464
600,0.7072,0.6704,0.07827,0.08447,5.8,413,1397,2017,2657,3464
601,0.70794,0.67087,0.07817,0.08441,5.81,413,1397,2018,2657,3464
602,0.70867,0.67134,0.07807,0.08435,5.81,413,1397,2018,2657,3464
603,0.7094,0.67179,0.07798,0.08429,5.82,412,1397,2018,2657,3464
604,0.71012,0.67226,0.07788,0.08423,5.83,412,1397,2018,2657,3464
605,0.71083,0.67273,0.07778,0.08417,5.84,412,1397,2018,2657,3464
606,0.71153,0.67323,0.07769,0.0841,5.84,412,1397,2018,2657,3464
607,0.71222,0.67373,0.0776,0.08404,5.85,411,1397,2018,2657,3464
608,0.71292,0.67424,0.0775,0.08397,5.86,411,1397,2017,2657,3464
609,0.71361,0.67475,0.07741,0.08391,5.87,411,1397,2017,2657,3464
610,0.71431,0.67525,0.07731,0.08384,5.88,411,1397,2017,2657,3464
611,0.71501,0.67576,0.07722,0.08378,5.89,411,1397,2017,2657,3464
612,0.7157,0.67625,0.07712,0.08371,5.9,411,1397,2017,2657,3464
613,0.7164,0.67674,0.07703,0.08365,5.9,410,1397,2017,2657,3464
614,0.71709,0.67721,0.07694,0.08359,5.91,410,1397,2017,2657,3464
615,0.71777,0.67766,0.07684,0.08353,5.92,410,1397,2017,2657,3464
616,0.71845,0.67809,0.07675,0.08348,5.93,410,1397,2018,2657,3464
617,0.71913,0.67851,0.07666,0.08342,5.94,409,1397,2018,2657,3464
618,0.71979,0.67891,0.07657,0.08337,5.95,409,1397,2018,2657,3464
619,0.72045,0.67929,0.07648,0.08332,5.95,409,1397,2018,2657,3464
620,0.7211,0.67966,0.07639,0.08327,5.96,409,1397,2018,2657,3464
621,0.72175,0.68003,0.0763,0.08322,5.97,409,1397,2018,2657,3464
622,0.72239,0.6804,0.07621,0.08318,5.98,408,1397,2018,2657,3464
623,0.72303,0.68075,0.07612,0.08313,5.99,408,1397,2018,2657,3464
624,0.72367,0.68111,0.07604,0.08308,6.0,408,1397,2017,2657,3464
625,0.7243,0.68145,0.07595,0.08304,6.0,408,1397,2017,2657,3464
626,0.72494,0.68179,0.07586,0.083,6.01,408,1397,2017,2657,3464
627,0.72557,0.68212,0.07577,0.08295,6.02,408,1397,2018,2657,3464
628,0.7262,0.68244,0.07569,0.08291,6.03,407,1397,2018,2657,3464
629,0.72682,0.68276,0.0756,0.08287,6.04,407,1397,2018,2657,3464
630,0.72745,0.68307,0.07552,0.08283,6.04,407,1397,2018,2657,3464
631,0.72807,0.68338,0.07543,0.08279,6.05,407,1397,2018,2657,3464
632,0.72869,0.68368,0.07534,0.08275,6.06,407,1397,2018,2657,3464
633,0.72931,0.68396,0.07526,0.08271,6.07,407,1397,2018,2657,3464
634,0.72993,0.68423,0.07517,0.08268,6.08,406,1397,2018,2657,3464
635,0.73055,0.68449,0.07508,0.08264,6.09,406,1397,2018,2657,3464
636,0.73117,0.68474,0.075,0.08261,6.1,406,1397,2018,2657,3464
637,0.73177,0.68498,0.07491,0.08258,6.11,406,1397,2018,2657,3464
638,0.73238,0.68523,0.07483,0.08255,6.12,406,1397,2018,2657,3464
639,0.73298,0.6855,0.07475,0.08251,6.12,406,1397,2018,2657,3464
640,0.73357,0.68579,0.07466,0.08247,6.13,405,1397,2018,2657,3464
641,0.73416,0.68609,0.07458,0.08243,6.14,405,1397,2018,2657,3464
642,0.73475,0.68643,0.0745,0.08239,6.15,405,1397,2018,2657,3464
643,0.73533,0.6868,0.07441,0.08234,6.15,405,1397,2018,2657,3464
644,0.73592,0.68718,0.07433,0.08229,6.16,405,1397,2018,2657,3464
645,0.7365,0.68758,0.07425,0.08224,6.17,405,1397,2018,2657,3464
646,0.73708,0.688,0.07417,0.08218,6.18,404,1397,2018,2657,3464
647,0.73765,0.68843,0.07409,0.08213,6.18,404,1397,2018,2657,3464
648,0.73823,0.68886,0.07401,0.08207,6.19,404,1397,2018,2657,3464
649,0.73879,0.68931,0.07393,0.08201,6.2,404,1397,2018,2657,3464
650,0.73936,0.6897,0.07385,0.08196,6.21,404,1397,2018,2657,3464
651,0.73992,0.69006,0.07377,0.08191,6.21,404,1397,2018,2657,3464
652,0.74048,0.6904,0.07369,0.08187,6.22,404,1397,2018,2657,3464
653,0.74103,0.69073,0.07361,0.08182,6.23,403,1397,2018,2657,3464
654,0.74158,0.69105,0.07353,0.08178,6.24,403,1397,2018,2657,3464
655,0.74213,0.69138,0.07345,0.08174,6.25,403,1397,2018,2657,3464
656,0.74267,0.6917,0.07338,0.08169,6.26,403,1397,2018,2657,3464
657,0.74321,0.69202,0.0733,0.08165,6.27,403,1397,2018,2657,3464
658,0.74375,0.69233,0.07322,0.08161,6.28,403,1397,2018,2657,3464
659,0.74428,0.69264,0.07315,0.08157,6.29,402,1397,2018,2657,3464
660,0.74481,0.69293,0.07307,0.08153,6.29,402,1397,2018,2657,3464
661,0.74533,0.69322,0.073,0.08149,6.3,402,1397,2018,2657,3464
662,0.74585,0.69349,0.07292,0.08146,6.31,402,1397,2018,2657,3464
663,0.74637,0.69375,0.07285,0.08142,6.32,402,1397,2018,2657,3464
664,0.74688,0.694,0.07277,0.08139,6.33,402,1397,2018,2657,3464
665,0.74739,0.69426,0.0727,0.08135,6.33,402,1397,2018,2657,3464
666,0.74789,0.69453,0.07263,0.08132,6.34,402,1397,2018,2657,3464
667,0.74839,0.6948,0.07256,0.08128,6.35,401,1397,2018,2657,3464
668,0.74889,0.69507,0.07248,0.08125,6.36,401,1397,2018,2657,3464
669,0.74938,0.69532,0.07241,0.08121,6.37,401,1397,2018,2657,3464
670,0.74987,0.69557,0.07234,0.08118,6.37,401,1397,2018,2657,3464
671,0.75037,0.69582,0.07227,0.08114,6.38,401,1397,2018,2657,3464
672,0.75086,0.69607,0.0722,0.08111,6.39,401,1397,2018,2657,3464
673,0.75134,0.69632,0.07213,0.08108,6.4,401,1397,2018,2657,3464
674,0.75183,0.69656,0.07206,0.08105,6.41,400,1397,2018,2657,3464
675,0.7523,0.69679,0.07199,0.08102,6.41,400,1397,2018,2657,3464
676,0.75278,0.69703,0.07192,0.08098,6.42,400,1397,2018,2657,3464
677,0.75325,0.69726,0.07185,0.08095,6.43,400,1397,2018,2657,3464
678,0.75372,0.6975,0.07178,0.08092,6.44,400,1397,2018,2657,3464
679,0.75418,0.69774,0.07172,0.08089,6.45,400,1397,2018,2657,3464
680,0.75464,0.69797,0.07165,0.08086,6.45,400,1397,2018,2657,3464
681,0.75509,0.69819,0.07158,0.08083,6.46,400,1397,2018,2657,3464
682,0.75554,0.6984,0.07152,0.0808,6.47,399,1397,2018,2657,3464
683,0.75599,0.6986,0.07145,0.08077,6.48,399,1397,2018,2657,3464
684,0.75644,0.69879,0.07139,0.08075,6.49,399,1397,2018,2657,3464
685,0.75688,0.69898,0.07132,0.08072,6.49,399,1397,2018,2657,3464
686,0.75732,0.69916,0.07126,0.0807,6.5,399,1397,2018,2657,3464
687,0.75776,0.69933,0.07119,0.08068,6.51,399,1397,2018,2657,3464
688,0.7582,0.6995,0.07113,0.08065,6.52,399,1397,2018,2657,3464
689,0.75863,0.69966,0.07106,0.08063,6.53,399,1397,2018,2657,3464
690,0.75907,0.69981,0.071,0.08061,6.54,399,1397,2018,2657,3464
691,0.7595,0.69996,0.07094,0.08059,6.55,399,1397,2018,2657,3464
692,0.75993,0.7001,0.07087,0.08057,6.56,399,1397,2018,2657,3464
693,0.76036,0.70024,0.07081,0.08055,6.56,398,1397,2018,2657,3464
694,0.76079,0.70036,0.07075,0.08054,6.57,398,1397,2018,2657,3464
695,0.76122,0.70049,0.07068,0.08052,6.58,398,1397,2018,2657,3464
696,0.76164,0.70062,0.07062,0.0805,6.59,398,1397,2018,2657,3464
697,0.76205,0.70076,0.07056,0.08048,6.59,398,1397,2018,2657,3464
698,0.76247,0.7009,0.0705,0.08046,6.6,398,1397,2018,2657,3464
699,0.76288,0.70105,0.07044,0.08044,6.61,398,1397,2018,2657,3464
700,0.76329,0.7012,0.07038,0.08042,6.62,398,1397,2018,2657,3464
701,0.76369,0.70135,0.07032,0.0804,6.62,398,1397,2018,2657,3464
702,0.76409,0.70153,0.07026,0.08038,6.63,397,1397,2018,2657,3464
703,0.76449,0.70171,0.0702,0.08036,6.64,397,1397,2019,2657,3464
704,0.76488,0.7019,0.07014,0.08033,6.65,397,1397,2019,2657,3464
705,0.76528,0.7021,0.07008,0.0803,6.65,397,1397,2019,2657,3464
706,0.76568,0.70229,0.07002,0.08028,6.66,397,1397,2019,2657,3464
707,0.76606,0.70248,0.06996,0.08025,6.67,397,1397,2019,2657,3464
708,0.76644,0.70267,0.0699,0.08023,6.68,397,1397,2020,2657,3464
709,0.76682,0.70286,0.06985,0.0802,6.69,397,1397,2020,2657,3464
710,0.7672,0.70307,0.06979,0.08017,6.69,397,1397,2020,2657,3464
711,0.76758,0.70329,0.06973,0.08014,6.7,397,1397,2020,2657,3464
712,0.76795,0.70351,0.06968,0.08011,6.71,397,1397,2020,2657,3464
713,0.76832,0.70372,0.06962,0.08008,6.72,397,1397,2019,2657,3464
714,0.76868,0.70392,0.06957,0.08006,6.73,397,1397,2019,2657,3464
715,0.76904,0.70409,0.06952,0.08003,6.74,397,1397,2019,2657,3464
716,0.76939,0.70425,0.06946,0.08001,6.75,396,1397,2019,2657,3464
717,0.76975,0.70438,0.06941,0.08,6.75,396,1397,2019,2657,3464
718,0.77011,0.70449,0.06935,0.07998,6.76,396,1397,2019,2657,3464
719,0.77046,0.70458,0.0693,0.07997,6.77,396,1397,2019,2657,3464
720,0.77081,0.70466,0.06925,0.07996,6.78,396,1397,2020,2657,3464
721,0.77116,0.70473,0.0692,0.07995,6.79,396,1397,2020,2657,3464
722,0.77151,0.7048,0.06914,0.07994,6.8,396,1397,2020,2657,3464
723,0.77186,0.70487,0.06909,0.07993,6.81,396,1397,2020,2657,3464
724,0.77221,0.70493,0.06904,0.07992,6.82,396,1397,2019,2657,3464
725,0.77255,0.70498,0.06898,0.07991,6.83,396,1397,2019,2657,3464
726,0.7729,0.70503,0.06893,0.07991,6.84,396,1397,2019,2657,3464
727,0.77324,0.70506,0.06888,0.0799,6.85,395,1397,2019,2657,3464
728,0.77358,0.70509,0.06883,0.0799,6.86,395,1397,2019,2657,3464
729,0.77391,0.70513,0.06878,0.07989,6.87,395,1397,2019,2657,3464
730,0.77424,0.70519,0.06873,0.07989,6.88,395,1397,2020,2657,3464
731,0.77456,0.70526,0.06868,0.07988,6.89,395,1397,2020,2657,3464
732,0.77487,0.70536,0.06863,0.07986,6.89,395,1397,2020,2657,3464
733,0.77518,0.70549,0.06858,0.07985,6.9,395,1397,2020,2657,3464
734,0.77549,0.70565,0.06854,0.07982,6.91,395,1397,2020,2657,3464
735,0.7758,0.70583,0.06849,0.0798,6.92,395,1397,2020,2657,3464
736,0.7761,0.70603,0.06844,0.07977,6.93,395,1397,2019,2657,3464
737,0.7764,0.70622,0.0684,0.07975,6.93,394,1397,2019,2657,3464
738,0.7767,0.70641,0.06835,0.07972,6.94,394,1397,2019,2657,3464
739,0.77699,0.70659,0.06831,0.0797,6.95,394,1397,2020,2657,3464
740,0.77728,0.70676,0.06826,0.07967,6.96,394,1397,2020,2657,3464
741,0.77757,0.70693,0.06822,0.07965,6.96,394,1397,2020,2657,3464
742,0.77786,0.70708,0.06817,0.07963,6.97,394,1397,2020,2657,3464
743,0.77815,0.70723,0.06813,0.07961,6.98,394,1397,2020,2657,3464
744,0.77843,0.70737,0.06809,0.07959,6.99,394,1397,2020,2657,3464
745,0.77871,0.7075,0.06804,0.07957,6.99,394,1397,2020,2657,3464
746,0.77899,0.70761,0.068,0.07956,7.0,394,1397,2020,2657,3464
747,0.77927,0.70772,0.06796,0.07954,7.01,394,1397,2020,2657,3464
748,0.77954,0.70782,0.06792,0.07953,7.02,394,1397,2020,2657,3464
749,0.77981,0.70793,0.06787,0.07951,7.02,394,1397,2020,2657,3464
750,0.78008,0.70804,0.06783,0.0795,7.03,394,1397,2020,2657,3464
751,0.78034,0.70816,0.06779,0.07948,7.04,394,1397,2020,2657,3464
752,0.7806,0.70828,0.06775,0.07947,7.05,394,1397,2020,2657,3464
753,0.78086,0.70839,0.06771,0.07945,7.06,394,1397,2020,2657,3464
754,0.78112,0.70849,0.06767,0.07944,7.07,394,1397,2020,2657,3464
755,0.78137,0.70857,0.06763,0.07943,7.07,394,1397,2020,2657,3464
756,0.78162,0.70865,0.06759,0.07942,7.08,394,1397,2020,2657,3464
757,0.78187,0.70871,0.06756,0.07941,7.09,394,1397,2020,2657,3464
758,0.78212,0.70874,0.06752,0.0794,7.2,393,1397,2020,2657,3464
759,0.78237,0.70873,0.06748,0.0794,7.21,393,1397,2020,2657,3464
760,0.78262,0.70871,0.06744,0.07941,7.21,393,1397,2020,2657,3464
761,0.78286,0.70868,0.0674,0.07941,7.22,393,1397,2020,2657,3464
762,0.7831,0.70864,0.06737,0.07942,7.23,393,1397,2020,2657,3464
763,0.78334,0.7086,0.06733,0.07942,7.24,393,1397,2020,2657,3464
764,0.78358,0.70856,0.06729,0.07943,7.25,393,1397,2020,2657,3464
765,0.78382,0.70852,0.06725,0.07943,7.26,393,1397,2020,2657,3464
766,0.78406,0.70848,0.06722,0.07944,7.26,393,1397,2020,2657,3464
767,0.7843,0.70844,0.06718,0.07944,7.27,393,1397,2020,2657,3464
768,0.78454,0.70842,0.06714,0.07945,7.28,393,1397,2020,2657,3464
769,0.78477,0.7084,0.06711,0.07945,7.29,393,1397,2020,2657,3464
770,0.78501,0.7084,0.06707,0.07945,7.29,393,1397,2020,2657,3464
771,0.78524,0.7084,0.06703,0.07945,7.3,393,1397,2020,2657,3464
772,0.78547,0.70841,0.067,0.07945,7.31,393,1397,2020,2657,3464
773,0.7857,0.70844,0.06696,0.07944,7.32,392,1397,2020,2657,3464
774,0.78594,0.70847,0.06692,0.07944,7.32,392,1397,2020,2657,3464
775,0.78617,0.70851,0.06689,0.07943,7.33,392,1397,2020,2657,3464
776,0.78642,0.70856,0.06685,0.07943,7.34,392,1397,2020,2657,3464
777,0.78666,0.70861,0.06681,0.07942,7.35,392,1397,2020,2657,3464
778,0.7869,0.70867,0.06677,0.07941,7.36,392,1397,2020,2657,3464
779,0.78714,0.70875,0.06674,0.0794,7.36,392,1397,2020,2657,3464
780,0.78737,0.70884,0.0667,0.07939,7.37,392,1397,2020,2657,3464
781,0.7876,0.70894,0.06666,0.07938,7.38,392,1397,2020,2657,3464
782,0.78783,0.70908,0.06663,0.07936,7.39,392,1397,2020,2657,3464
783,0.78805,0.70923,0.06659,0.07934,7.4,392,1397,2020,2657,3464
784,0.78827,0.70938,0.06656,0.07932,7.41,392,1397,2020,2657,3464
785,0.78849,0.70952,0.06652,0.0793,7.42,392,1397,2020,2657,3464
786,0.7887,0.70964,0.06649,0.07928,7.43,392,1397,2020,2657,3464
787,0.78891,0.70973,0.06646,0.07927,7.44,392,1397,2020,2657,3464
788,0.78911,0.70979,0.06643,0.07926,7.45,392,1397,2020,2657,3464
789,0.78932,0.70981,0.06639,0.07926,7.46,392,1397,2020,2657,3464
790,0.78953,0.7098,0.06636,0.07926,7.47,392,1397,2020,2657,3464
791,0.78974,0.70976,0.06633,0.07926,7.47,392,1397,2020,2658,3464
792,0.78994,0.7097,0.06629,0.07927,7.48,392,1397,2020,2658,3464
793,0.79015,0.70963,0.06626,0.07928,7.49,392,1397,2020,2658,3464
794,0.79035,0.70956,0.06623,0.07929,7.5,391,1397,2020,2658,3464
795,0.79055,0.70948,0.0662,0.0793,7.5,391,1397,2020,2658,3464
796,0.79075,0.70935,0.06617,0.07932,7.51,391,1397,2020,2657,3464
797,0.79095,0.70925,0.06614,0.07933,7.52,391,1397,2020,2657,3464
798,0.79114,0.70917,0.06611,0.07934,7.53,391,1397,2020,2657,3464
799,0.79134,0.70912,0.06607,0.07935,7.53,391,1397,2020,2657,3464
800,0.79153,0.70908,0.06604,0.07936,7.54,391,1397,2020,2657,3464
801,0.79172,0.70906,0.06601,0.07936,7.55,391,1397,2020,2657,3464
802,0.79191,0.70904,0.06598,0.07936,7.55,391,1397,2020,2657,3464
803,0.7921,0.70903,0.06595,0.07936,7.56,391,1397,2020,2657,3464
804,0.79229,0.70901,0.06592,0.07937,7.57,391,1397,2020,2657,3464
805,0.79247,0.70899,0.06589,0.07937,7.58,391,1397,2020,2657,3464
806,0.79266,0.70898,0.06587,0.07937,7.58,391,1397,2020,2658,3464
807,0.79284,0.70898,0.06584,0.07937,7.59,391,1397,2020,2658,3464
808,0.79302,0.70899,0.06581,0.07937,7.6,391,1397,2020,2658,3464
809,0.7932,0.70901,0.06578,0.07937,7.61,391,1397,2020,2658,3464
810,0.79338,0.70905,0.06575,0.07936,7.62,391,1397,2020,2657,3464
811,0.79356,0.7091,0.06572,0.07935,7.62,391,1397,2020,2657,3464
812,0.79373,0.70914,0.06569,0.07935,7.63,391,1397,2020,2657,3464
813,0.79391,0.70918,0.06567,0.07934,7.64,391,1397,2020,2657,3464
814,0.79408,0.70921,0.06564,0.07934,7.65,391,1397,2020,2657,3464
815,0.79426,0.70921,0.06561,0.07934,7.65,391,1397,2020,2657,3464
816,0.79443,0.70923,0.06558,0.07934,7.66,391,1397,2020,2657,3464
817,0.79459,0.70925,0.06556,0.07933,7.67,391,1397,2020,2657,3464
818,0.79476,0.70927,0.06553,0.07933,7.68,391,1397,2020,2657,3464
819,0.79493,0.70929,0.0655,0.07933,7.68,391,1397,2020,2658,3464
820,0.79509,0.70932,0.06548,0.07932,7.69,391,1397,2020,2658,3464
821,0.79526,0.70933,0.06545,0.07932,7.7,391,1397,2020,2658,3464
822,0.79542,0.70934,0.06542,0.07932,7.71,391,1397,2020,2658,3464
823,0.79558,0.70935,0.0654,0.07932,7.71,391,1397,2020,2657,3464
824,0.79574,0.70934,0.06537,0.07932,7.72,391,1397,2020,2657,3464
825,0.79589,0.70932,0.06535,0.07932,7.73,391,1397,2020,2657,3464
826,0.79605,0.70929,0.06532,0.07933,7.74,391,1397,2020,2657,3464
827,0.7962,0.70924,0.0653,0.07934,7.74,391,1397,2020,2657,3464
828,0.79636,0.70918,0.06527,0.07934,7.75,391,1397,2020,2657,3464
829,0.79651,0.7091,0.06525,0.07935,7.76,391,1397,2020,2657,3464
830,0.79666,0.70902,0.06523,0.07936,7.77,391,1397,2020,2657,3464
831,0.79681,0.70893,0.0652,0.07938,7.77,391,1397,2020,2657,3464
832,0.79696,0.70884,0.06518,0.07939,7.78,391,1397,2020,2658,3464
833,0.7971,0.70875,0.06515,0.0794,7.79,391,1397,2020,2658,3464
834,0.79725,0.70871,0.06513,0.07941,7.8,391,1397,2020,2657,3464
835,0.79739,0.7087,0.06511,0.07941,7.81,391,1397,2020,2657,3464
836,0.79753,0.70872,0.06509,0.07941,7.81,391,1397,2020,2657,3464
837,0.79768,0.70877,0.06506,0.0794,7.82,391,1397,2020,2657,3464
838,0.79782,0.70883,0.06504,0.07939,7.83,391,1397,2020,2657,3464
839,0.79796,0.7089,0.06502,0.07938,7.84,391,1397,2021,2657,3464
840,0.7981,0.70898,0.06499,0.07937,7.85,391,1397,2021,2657,3464
841,0.79824,0.70902,0.06497,0.07936,7.86,391,1397,2021,2657,3464
842,0.79838,0.70901,0.06495,0.07937,7.86,391,1397,2021,2657,3464
843,0.79852,0.70895,0.06493,0.07937,7.87,391,1397,2022,2658,3464
844,0.79865,0.70887,0.06491,0.07939,7.88,391,1397,2022,2658,3464
845,0.79878,0.70879,0.06489,0.0794,7.89,391,1397,2022,2658,3464
846,0.79891,0.70874,0.06486,0.0794,7.9,391,1397,2022,2658,3464
847,0.79904,0.70871,0.06484,0.07941,7.9,391,1397,2022,2658,3464
848,0.79917,0.70869,0.06482,0.07941,7.92,391,1397,2022,2657,3464
849,0.79931,0.70869,0.0648,0.07941,7.93,391,1397,2022,2657,3464
850,0.79943,0.70867,0.06478,0.07941,7.93,391,1397,2022,2657,3464
851,0.79956,0.70871,0.06476,0.07941,7.94,391,1397,2022,2657,3464
852,0.79968,0.7088,0.06474,0.0794,7.95,391,1397,2021,2657,3464
853,0.79981,0.70886,0.06472,0.07939,7.96,391,1397,2021,2657,3464
854,0.79994,0.70889,0.0647,0.07938,7.97,391,1397,2022,2657,3464
855,0.80007,0.70889,0.06468,0.07938,7.98,391,1397,2022,2657,3464
856,0.80019,0.70885,0.06466,0.07939,7.99,391,1397,2022,2658,3464
857,0.80032,0.7088,0.06464,0.0794,8.0,391,1397,2022,2658,3464
858,0.80044,0.70873,0.06462,0.0794,8.01,391,1397,2022,2658,3464
859,0.80056,0.70866,0.0646,0.07941,8.02,391,1397,2022,2658,3464
860,0.80068,0.7086,0.06458,0.07942,8.03,391,1397,2022,2658,3464
861,0.8008,0.70855,0.06456,0.07943,8.04,391,1397,2022,2657,3464
862,0.80092,0.70857,0.06454,0.07943,8.05,391,1397,2022,2657,3464
863,0.80103,0.70865,0.06452,0.07942,8.06,391,1397,2022,2657,3464
864,0.80115,0.70871,0.0645,0.07941,8.06,391,1397,2022,2657,3464
865,0.80126,0.7087,0.06448,0.07941,8.07,391,1397,2022,2657,3464
866,0.80137,0.70863,0.06447,0.07942,8.08,391,1397,2022,2657,3464
867,0.80148,0.70862,0.06445,0.07942,8.09,391,1397,2022,2657,3464
868,0.80159,0.70866,0.06443,0.07941,8.21,391,1397,2022,2657,3464
869,0.80169,0.70875,0.06441,0.0794,8.22,391,1397,2022,2657,3464
870,0.8018,0.70877,0.0644,0.0794,8.22,391,1397,2022,2658,3464
871,0.80191,0.70872,0.06438,0.07941,8.23,391,1397,2022,2658,3464
872,0.80201,0.70873,0.06436,0.0794,8.24,391,1397,2022,2658,3464
873,0.80212,0.70878,0.06434,0.0794,8.25,391,1397,2022,2657,3464
874,0.80222,0.70887,0.06433,0.07939,8.25,391,1397,2022,2657,3464
875,0.80232,0.70893,0.06431,0.07938,8.26,391,1397,2022,2657,3464
876,0.80243,0.70897,0.06429,0.07937,8.27,391,1397,2022,2657,3464
877,0.80253,0.70897,0.06428,0.07937,8.28,391,1397,2022,2657,3464
878,0.80262,0.70895,0.06426,0.07937,8.29,391,1397,2022,2657,3464
879,0.80272,0.70895,0.06425,0.07937,8.3,391,1397,2022,2657,3464
880,0.80282,0.70896,0.06423,0.07937,8.31,391,1397,2022,2657,3464
881,0.80292,0.70899,0.06421,0.07937,8.31,391,1397,2022,2657,3464
882,0.80301,0.70902,0.0642,0.07936,8.32,391,1397,2022,2657,3464
883,0.80311,0.70906,0.06418,0.07936,8.33,391,1397,2022,2657,3464
884,0.8032,0.70906,0.06417,0.07936,8.33,391,1397,2022,2657,3464
885,0.80329,0.70902,0.06415,0.07937,8.34,391,1397,2022,2657,3464
886,0.80339,0.70898,0.06414,0.07937,8.35,391,1397,2022,2657,3464
887,0.80348,0.70896,0.06412,0.07937,8.36,391,1397,2022,2657,3464
888,0.80357,0.70895,0.06411,0.07937,8.37,391,1397,2022,2657,3464
889,0.80366,0.70894,0.06409,0.07938,8.38,391,1397,2022,2657,3464
890,0.80375,0.70894,0.06408,0.07938,8.39,391,1397,2022,2657,3464
891,0.80383,0.70894,0.06406,0.07938,8.39,391,1397,2022,2657,3464
892,0.80392,0.70894,0.06405,0.07938,8.4,391,1397,2022,2657,3464
893,0.80401,0.70893,0.06404,0.07938,8.41,391,1397,2022,2657,3464
894,0.80409,0.70892,0.06402,0.07938,8.41,391,1397,2022,2657,3464
895,0.80418,0.7089,0.06401,0.07938,8.42,391,1397,2022,2657,3464
896,0.80426,0.70888,0.06399,0.07938,8.43,391,1397,2022,2657,3464
897,0.80435,0.70887,0.06398,0.07939,8.44,391,1397,2022,2657,3464
898,0.80443,0.70886,0.06397,0.07939,8.44,391,1397,2022,2657,3464
899,0.80451,0.70886,0.06395,0.07939,8.45,391,1397,2022,2657,3464
900,0.80459,0.70887,0.06394,0.07939,8.46,391,1397,2022,2657,3464
901,0.80467,0.70887,0.06393,0.07938,8.47,391,1397,2022,2657,3464
902,0.80475,0.70888,0.06392,0.07938,8.48,391,1397,2022,2657,3464
903,0.80483,0.70889,0.0639,0.07938,8.49,391,1397,2022,2657,3464
904,0.80491,0.7089,0.06389,0.07938,8.49,391,1397,2022,2657,3464
905,0.80499,0.7089,0.06388,0.07938,8.5,391,1397,2022,2657,3464
906,0.80507,0.70889,0.06386,0.07938,8.51,391,1397,2022,2657,3464
907,0.80515,0.70886,0.06385,0.07939,8.52,391,1397,2022,2657,3464
908,0.80522,0.70881,0.06384,0.07939,8.52,391,1397,2022,2657,3464
909,0.8053,0.70875,0.06383,0.0794,8.53,391,1397,2022,2658,3464
910,0.80538,0.70871,0.06381,0.07941,8.54,391,1397,2022,2658,3464
911,0.80545,0.70869,0.0638,0.07941,8.55,391,1397,2022,2657,3464
912,0.80553,0.70869,0.06379,0.07941,8.55,391,1397,2022,2657,3464
913,0.8056,0.7087,0.06378,0.07941,8.56,391,1397,2022,2657,3464
914,0.80568,0.70873,0.06376,0.0794,8.57,391,1397,2022,2657,3464
915,0.80575,0.70878,0.06375,0.0794,8.58,391,1397,2022,2657,3464
916,0.80582,0.70884,0.06374,0.07939,8.58,391,1397,2022,2657,3464
917,0.8059,0.70889,0.06373,0.07938,8.59,391,1397,2022,2657,3464
918,0.80597,0.70891,0.06372,0.07938,8.6,391,1397,2022,2657,3464
919,0.80604,0.70893,0.0637,0.07938,8.61,391,1397,2022,2657,3464
920,0.80611,0.70892,0.06369,0.07938,8.62,391,1397,2022,2657,3464
921,0.80618,0.70891,0.06368,0.07938,8.63,391,1397,2022,2657,3464
922,0.80626,0.70887,0.06367,0.07938,8.64,391,1397,2022,2657,3464
923,0.80633,0.70883,0.06366,0.07939,8.65,392,1397,2022,2657,3464
924,0.8064,0.70881,0.06365,0.07939,8.66,392,1397,2022,2657,3464
925,0.80647,0.7088,0.06363,0.07939,8.66,392,1397,2022,2657,3464
926,0.80654,0.70882,0.06362,0.07939,8.67,392,1397,2022,2657,3464
927,0.80661,0.70884,0.06361,0.07939,8.68,392,1397,2022,2657,3464
928,0.80667,0.70888,0.0636,0.07938,8.69,392,1397,2022,2657,3464
929,0.80674,0.70893,0.06359,0.07938,8.69,392,1397,2022,2657,3464
930,0.80681,0.70895,0.06358,0.07937,8.7,392,1397,2022,2657,3464
931,0.80688,0.70895,0.06357,0.07937,8.71,392,1397,2022,2657,3464
932,0.80695,0.70894,0.06355,0.07938,8.72,392,1397,2022,2657,3464
933,0.80701,0.70894,0.06354,0.07938,8.73,392,1397,2022,2657,3464
934,0.80708,0.70896,0.06353,0.07937,8.73,392,1397,2022,2657,3464
935,0.80715,0.709,0.06352,0.07937,8.74,392,1397,2022,2657,3464
936,0.80721,0.70903,0.06351,0.07936,8.75,392,1397,2022,2657,3464
937,0.80728,0.70903,0.0635,0.07936,8.76,392,1397,2022,2657,3464
938,0.80734,0.70905,0.06349,0.07936,8.77,392,1397,2022,2657,3464
939,0.80741,0.70908,0.06348,0.07936,8.77,392,1397,2022,2657,3464
940,0.80747,0.70911,0.06347,0.07935,8.78,392,1397,2022,2657,3464
941,0.80754,0.70913,0.06346,0.07935,8.79,392,1397,2022,2657,3464
942,0.8076,0.70911,0.06345,0.07935,8.8,392,1397,2022,2657,3464
943,0.80767,0.70911,0.06344,0.07935,8.81,392,1397,2022,2657,3464
944,0.80773,0.70912,0.06343,0.07935,8.82,392,1397,2022,2657,3464
945,0.80779,0.70914,0.06342,0.07935,8.82,392,1397,2022,2657,3464
946,0.80786,0.70916,0.0634,0.07935,8.83,392,1397,2022,2657,3464
947,0.80792,0.7092,0.06339,0.07934,8.84,392,1397,2022,2657,3464
948,0.80798,0.70924,0.06338,0.07933,8.85,392,1397,2022,2657,3464
949,0.80804,0.70929,0.06337,0.07933,8.85,392,1397,2022,2657,3464
950,0.8081,0.70931,0.06336,0.07933,8.86,392,1397,2022,2657,3464
951,0.80816,0.70929,0.06335,0.07933,8.87,392,1397,2022,2657,3464
952,0.80822,0.70928,0.06334,0.07933,8.88,392,1397,2022,2657,3464
953,0.80828,0.70929,0.06333,0.07933,8.89,392,1397,2022,2657,3464
954,0.80834,0.70932,0.06332,0.07932,8.9,392,1397,2022,2657,3464
955,0.8084,0.70936,0.06331,0.07932,8.9,392,1397,2022,2657,3464
956,0.80846,0.70941,0.0633,0.07931,8.91,392,1397,2022,2657,3464
957,0.80852,0.70947,0.0633,0.0793,8.92,392,1397,2022,2657,3464
958,0.80858,0.70948,0.06329,0.0793,8.92,392,1397,2022,2657,3464
959,0.80864,0.70946,0.06328,0.07931,8.93,392,1397,2022,2657,3464
960,0.8087,0.70945,0.06327,0.07931,8.94,392,1397,2022,2657,3464
961,0.80876,0.70946,0.06326,0.07931,8.95,392,1397,2022,2657,3464
962,0.80881,0.70948,0.06325,0.0793,8.95,392,1397,2022,2657,3464
963,0.80887,0.70951,0.06324,0.0793,8.96,392,1397,2022,2657,3464
964,0.80893,0.70955,0.06323,0.07929,8.97,392,1397,2022,2657,3464
965,0.80899,0.7096,0.06322,0.07929,8.98,392,1397,2022,2657,3464
966,0.80904,0.70965,0.06321,0.07928,8.98,392,1397,2022,2657,3464
967,0.8091,0.7097,0.0632,0.07927,8.99,392,1397,2022,2657,3464
968,0.80916,0.70974,0.06319,0.07927,9.0,392,1397,2022,2657,3464
969,0.80921,0.70978,0.06318,0.07926,9.01,392,1397,2022,2657,3464
970,0.80927,0.7098,0.06317,0.07926,9.02,392,1397,2022,2657,3464
971,0.80932,0.70982,0.06316,0.07926,9.02,392,1397,2022,2657,3464
972,0.80938,0.70983,0.06315,0.07925,9.03,392,1397,2022,2657,3464
973,0.80943,0.70984,0.06314,0.07925,9.04,392,1397,2022,2657,3464
974,0.80949,0.70985,0.06314,0.07925,9.05,392,1397,2022,2657,3464
975,0.80954,0.70985,0.06313,0.07925,9.05,392,1397,2022,2657,3464
976,0.8096,0.70986,0.06312,0.07925,9.06,392,1397,2022,2657,3464
977,0.80965,0.70987,0.06311,0.07925,9.07,392,1397,2022,2657,3464
978,0.8097,0.70988,0.0631,0.07925,9.08,392,1397,2022,2657,3464
979,0.80976,0.70989,0.06309,0.07925,9.09,392,1397,2022,2657,3464
980,0.80981,0.70989,0.06308,0.07925,9.09,392,1397,2022,2657,3464
981,0.80986,0.7099,0.06307,0.07925,9.1,392,1397,2022,2657,3464
982,0.80992,0.7099,0.06306,0.07925,9.11,392,1397,2022,2657,3464
983,0.80997,0.7099,0.06306,0.07924,9.12,392,1397,2022,2657,3464
984,0.81002,0.70991,0.06305,0.07924,9.13,392,1397,2022,2657,3464
985,0.81007,0.70992,0.06304,0.07924,9.14,392,1397,2022,2657,3464
986,0.81012,0.70993,0.06303,0.07924,9.15,392,1397,2022,2657,3464
987,0.81018,0.70994,0.06302,0.07924,9.16,392,1397,2022,2657,3464
988,0.81023,0.70995,0.06301,0.07924,9.17,392,1397,2022,2657,3464
989,0.81028,0.70995,0.063,0.07924,9.17,392,1397,2022,2657,3464
990,0.81033,0.70996,0.063,0.07924,9.19,392,1397,2022,2657,3464
991,0.81038,0.70996,0.06299,0.07924,9.2,392,1397,2022,2657,3464
992,0.81043,0.70997,0.06298,0.07923,9.21,392,1397,2022,2657,3464
993,0.81048,0.70999,0.06297,0.07923,9.22,392,1397,2022,2657,3464
994,0.81053,0.71,0.06296,0.07923,9.23,392,1397,2022,2657,3464
995,0.81058,0.71001,0.06295,0.07923,9.24,392,1397,2022,2657,3464
996,0.81063,0.71003,0.06295,0.07923,9.25,392,1397,2022,2657,3464
997,0.81068,0.71003,0.06294,0.07923,9.25,392,1397,2023,2657,3464
998,0.81073,0.71003,0.06293,0.07923,9.26,392,1397,2023,2657,3464
999,0.81078,0.71002,0.06292,0.07923,9.27,392,1397,2023,2657,3464
1000,0.81083,0.71002,0.06291,0.07923,9.28,392,1397,2023,2657,3464
1001,0.81087,0.71001,0.0629,0.07923,9.29,392,1397,2023,2657,3464
1002,0.81092,0.71001,0.0629,0.07923,9.3,392,1397,2023,2657,3464
1003,0.81097,0.71,0.06289,0.07923,9.3,392,1397,2023,2657,3464
1004,0.81102,0.70999,0.06288,0.07923,9.31,392,1397,2023,2657,3464
1005,0.81107,0.70999,0.06287,0.07923,9.32,392,1397,2023,2657,3464
1006,0.81112,0.70998,0.06286,0.07923,9.33,392,1397,2023,2657,3464
1007,0.81116,0.70997,0.06286,0.07924,9.33,392,1397,2023,2657,3464
1008,0.81121,0.70997,0.06285,0.07924,9.34,392,1397,2023,2657,3464
1009,0.81126,0.70997,0.06284,0.07924,9.35,392,1397,2023,2657,3464
1010,0.8113,0.70998,0.06283,0.07923,9.36,392,1397,2023,2657,3464
1011,0.81135,0.70999,0.06283,0.07923,9.37,392,1397,2023,2657,3464
1012,0.8114,0.71,0.06282,0.07923,9.38,392,1397,2023,2657,3464
1013,0.81144,0.71002,0.06281,0.07923,9.38,392,1397,2023,2657,3464
1014,0.81149,0.71003,0.0628,0.07923,9.39,392,1397,2023,2657,3464
1015,0.81154,0.71003,0.06279,0.07923,9.4,392,1397,2023,2657,3464
1016,0.81158,0.71004,0.06279,0.07923,9.41,392,1397,2023,2657,3464
1017,0.81163,0.71006,0.06278,0.07922,9.42,392,1397,2023,2657,3464
1018,0.81167,0.71007,0.06277,0.07922,9.42,392,1397,2023,2657,3464
1019,0.81172,0.71009,0.06276,0.07922,9.43,392,1397,2023,2657,3464
1020,0.81176,0.71011,0.06276,0.07922,9.44,392,1397,2023,2657,3464
1021,0.81181,0.71012,0.06275,0.07921,9.45,392,1397,2023,2657,3464
1022,0.81185,0.71013,0.06274,0.07921,9.45,392,1397,2023,2657,3464
1023,0.8119,0.71014,0.06273,0.07921,9.46,392,1397,2023,2657,3464
1024,0.81194,0.71015,0.06273,0.07921,9.47,392,1397,2023,2657,3464
1025,0.81199,0.71017,0.06272,0.07921,9.48,392,1397,2023,2657,3464
1026,0.81203,0.71018,0.06271,0.07921,9.49,392,1397,2023,2657,3464
1027,0.81207,0.7102,0.06271,0.0792,9.5,392,1397,2023,2657,3464
1028,0.81212,0.71022,0.0627,0.0792,9.5,392,1397,2023,2657,3464
1029,0.81216,0.71023,0.06269,0.0792,9.51,392,1397,2023,2657,3464
1030,0.81221,0.71024,0.06268,0.0792,9.52,392,1397,2023,2657,3464
1031,0.81225,0.71025,0.06268,0.0792,9.53,392,1397,2023,2657,3464
1032,0.81229,0.71026,0.06267,0.0792,9.53,392,1397,2023,2657,3464
1033,0.81234,0.71019,0.06266,0.07921,9.54,392,1397,2023,2657,3464
1034,0.81238,0.7101,0.06265,0.07922,9.55,392,1397,2023,2657,3464
1035,0.81243,0.71,0.06265,0.07923,9.56,392,1397,2023,2657,3464
1036,0.81248,0.70989,0.06264,0.07925,9.57,392,1397,2023,2657,3464
1037,0.81252,0.7098,0.06263,0.07926,9.58,392,1397,2023,2657,3464
1038,0.81256,0.70971,0.06262,0.07927,9.58,392,1397,2023,2657,3464
1039,0.8126,0.70975,0.06262,0.07927,9.59,392,1397,2023,2657,3464
1040,0.81265,0.70989,0.06261,0.07925,9.6,392,1397,2023,2657,3464
1041,0.81269,0.71011,0.0626,0.07922,9.6,392,1397,2023,2657,3464
1042,0.81273,0.71028,0.0626,0.07919,9.61,392,1397,2023,2657,3464
1043,0.81277,0.71039,0.06259,0.07918,9.62,392,1397,2023,2657,3464
1044,0.81282,0.71045,0.06258,0.07917,9.63,392,1397,2023,2657,3464
1045,0.81286,0.71045,0.06257,0.07917,9.63,392,1397,2023,2658,3464
1046,0.81291,0.71042,0.06257,0.07917,9.64,392,1397,2023,2658,3464
1047,0.81295,0.71037,0.06256,0.07918,9.65,392,1397,2023,2658,3464
1048,0.81298,0.7103,0.06255,0.07919,9.66,392,1397,2023,2657,3464
1049,0.81303,0.71035,0.06255,0.07918,9.67,392,1397,2023,2657,3464
1050,0.81308,0.7105,0.06254,0.07916,9.68,392,1397,2023,2657,3464
1051,0.81311,0.71072,0.06253,0.07913,9.68,392,1397,2023,2657,3464
1052,0.81315,0.71089,0.06253,0.07911,9.69,392,1397,2023,2657,3464
1053,0.81319,0.71099,0.06252,0.0791,9.7,392,1397,2023,2657,3464
1054,0.81323,0.71101,0.06251,0.07909,9.71,392,1397,2023,2657,3464
1055,0.81328,0.71097,0.0625,0.0791,9.72,392,1397,2023,2657,3464
1056,0.81332,0.71088,0.0625,0.07911,9.73,392,1397,2023,2658,3464
1057,0.81337,0.71077,0.06249,0.07913,9.73,392,1397,2023,2658,3464
1058,0.8134,0.71066,0.06248,0.07914,9.74,392,1397,2023,2658,3464
1059,0.81344,0.71065,0.06248,0.07914,9.75,392,1397,2023,2657,3464
1060,0.81348,0.71074,0.06247,0.07913,9.76,392,1397,2023,2657,3464
1061,0.81353,0.7109,0.06246,0.07911,9.76,392,1397,2023,2657,3464
1062,0.81356,0.71101,0.06246,0.07909,9.77,392,1397,2023,2657,3464
1063,0.8136,0.71104,0.06245,0.07909,9.78,392,1397,2023,2657,3464
1064,0.81365,0.71102,0.06244,0.07909,9.79,392,1397,2023,2657,3464
1065,0.81369,0.71094,0.06243,0.0791,9.8,392,1397,2023,2657,3464
1066,0.81373,0.71094,0.06243,0.0791,9.81,392,1397,2023,2657,3464
1067,0.81377,0.71104,0.06242,0.07909,9.82,392,1397,2023,2658,3464
1068,0.81381,0.71109,0.06242,0.07908,9.83,392,1397,2023,2658,3464
1069,0.81385,0.7111,0.06241,0.07908,9.84,392,1397,2023,2657,3464
1070,0.81389,0.71106,0.0624,0.07909,9.85,392,1397,2023,2657,3464
1071,0.81393,0.7111,0.0624,0.07908,9.85,392,1397,2023,2657,3464
1072,0.81396,0.71121,0.06239,0.07907,9.86,392,1397,2023,2657,3464
1073,0.814,0.71126,0.06238,0.07906,9.87,392,1397,2023,2657,3464
1074,0.81404,0.71124,0.06238,0.07906,9.88,392,1397,2023,2657,3464
1075,0.81408,0.71116,0.06237,0.07907,9.89,392,1397,2023,2657,3464
1076,0.81411,0.71115,0.06236,0.07907,9.89,392,1397,2023,2657,3464
1077,0.81415,0.71121,0.06236,0.07907,9.9,392,1397,2023,2657,3464
1078,0.81419,0.71124,0.06235,0.07906,9.91,392,1397,2023,2657,3464
1079,0.81423,0.71132,0.06234,0.07905,9.92,392,1397,2023,2657,3464
1080,0.81427,0.71134,0.06234,0.07905,9.92,392,1397,2023,2657,3464
1081,0.81431,0.71129,0.06233,0.07906,9.93,392,1397,2023,2657,3464
1082,0.81434,0.7113,0.06233,0.07905,9.94,392,1397,2023,2657,3464
1083,0.81438,0.71137,0.06232,0.07904,9.95,392,1397,2023,2657,3464
1084,0.81441,0.71139,0.06231,0.07904,9.96,392,1397,2023,2657,3464
1085,0.81445,0.71134,0.06231,0.07905,9.96,393,1397,2023,2657,3464
1086,0.81449,0.71135,0.0623,0.07905,9.97,393,1397,2023,2657,3464
1087,0.81452,0.71131,0.06229,0.07905,9.98,393,1397,2023,2657,3464
1088,0.81456,0.71134,0.06229,0.07905,9.99,393,1397,2023,2657,3464
1089,0.8146,0.71144,0.06228,0.07903,10.0,393,1397,2023,2657,3464
1090,0.81463,0.71146,0.06228,0.07903,10.01,393,1397,2023,2657,3464
1091,0.81467,0.71141,0.06227,0.07904,10.01,393,1397,2023,2657,3464
1092,0.8147,0.7113,0.06227,0.07905,10.02,393,1397,2023,2657,3464
1093,0.81473,0.71127,0.06226,0.07906,10.03,393,1397,2023,2657,3464
1094,0.81477,0.71132,0.06225,0.07905,10.04,393,1397,2023,2657,3464
1095,0.81481,0.71143,0.06225,0.07904,10.05,393,1397,2023,2657,3464
1096,0.81484,0.71158,0.06224,0.07901,10.06,393,1397,2023,2657,3464
1097,0.81488,0.7116,0.06224,0.07901,10.06,393,1397,2023,2657,3464
1098,0.81492,0.71149,0.06223,0.07903,10.07,393,1397,2023,2657,3464
1099,0.81495,0.71144,0.06222,0.07903,10.08,393,1397,2023,2657,3464
1100,0.81499,0.71147,0.06222,0.07903,10.09,393,1397,2023,2657,3464
1101,0.81503,0.71156,0.06221,0.07902,10.1,393,1397,2023,2657,3464
1102,0.81506,0.71153,0.0622,0.07902,10.11,393,1397,2023,2657,3464
1103,0.8151,0.71156,0.0622,0.07902,10.12,393,1397,2023,2657,3464
1104,0.81513,0.71163,0.06219,0.07901,10.13,393,1397,2024,2657,3464
1105,0.81518,0.71157,0.06219,0.07902,10.14,393,1397,2024,2657,3464
1106,0.81522,0.71153,0.06218,0.07902,10.15,393,1397,2024,2657,3464
1107,0.81525,0.71154,0.06217,0.07902,10.16,393,1397,2025,2657,3464
1108,0.81528,0.71158,0.06217,0.07901,10.17,393,1397,2025,2657,3464
1109,0.81531,0.71161,0.06216,0.07901,10.18,393,1397,2025,2657,3464
1110,0.81535,0.71162,0.06216,0.07901,10.19,393,1397,2025,2657,3464
1111,0.81539,0.71163,0.06215,0.07901,10.2,393,1397,2025,2657,3464
1112,0.81543,0.71165,0.06214,0.07901,10.2,393,1397,2024,2657,3464
1113,0.81546,0.71158,0.06214,0.07901,10.21,393,1397,2024,2657,3464
1114,0.81549,0.71158,0.06213,0.07901,10.22,393,1397,2024,2657,3464
1115,0.81552,0.71164,0.06213,0.07901,10.22,393,1397,2024,2657,3464
1116,0.81556,0.7117,0.06212,0.079,10.23,393,1397,2024,2657,3464
1117,0.8156,0.71165,0.06211,0.07901,10.24,393,1397,2025,2657,3464
1118,0.81563,0.71162,0.06211,0.07901,10.25,393,1397,2025,2657,3464
1119,0.81566,0.71159,0.0621,0.07901,10.25,393,1397,2025,2657,3464
1120,0.81569,0.7116,0.0621,0.07901,10.26,393,1397,2025,2657,3464
1121,0.81573,0.71167,0.06209,0.079,10.27,393,1397,2025,2657,3464
1122,0.81577,0.71173,0.06209,0.07899,10.28,393,1397,2024,2657,3464
1123,0.81579,0.7118,0.06208,0.07898,10.29,393,1397,2024,2657,3464
1124,0.81583,0.71175,0.06208,0.07899,10.29,393,1397,2024,2657,3464
1125,0.81586,0.71171,0.06207,0.079,10.3,393,1397,2024,2657,3464
1126,0.8159,0.71168,0.06206,0.079,10.31,393,1397,2024,2657,3464
1127,0.81593,0.71167,0.06206,0.079,10.32,393,1397,2025,2657,3464
1128,0.81596,0.71168,0.06205,0.079,10.32,393,1397,2025,2657,3464
1129,0.816,0.71168,0.06205,0.079,10.33,393,1397,2025,2657,3464
1130,0.81603,0.71168,0.06204,0.079,10.34,393,1397,2025,2657,3464
1131,0.81606,0.71169,0.06204,0.079,10.35,393,1397,2025,2657,3464
1132,0.8161,0.71171,0.06203,0.079,10.36,393,1397,2024,2657,3464
1133,0.81613,0.71173,0.06202,0.07899,10.37,393,1397,2024,2657,3464
1134,0.81616,0.71176,0.06202,0.07899,10.38,393,1397,2024,2657,3464
1135,0.8162,0.71178,0.06201,0.07899,10.39,393,1397,2024,2657,3464
1136,0.81623,0.71179,0.06201,0.07899,10.4,393,1397,2025,2657,3464
1137,0.81626,0.71177,0.062,0.07899,10.41,393,1397,2025,2657,3464
1138,0.81629,0.71175,0.062,0.07899,10.42,393,1397,2025,2657,3464
1139,0.81632,0.71173,0.06199,0.07899,10.43,393,1397,2025,2657,3464
1140,0.81636,0.71172,0.06199,0.079,10.43,393,1397,2025,2657,3464
1141,0.81639,0.71171,0.06198,0.079,10.44,393,1397,2024,2657,3464
1142,0.81642,0.71172,0.06198,0.079,10.45,393,1397,2024,2657,3464
1143,0.81645,0.71173,0.06197,0.07899,10.46,393,1397,2024,2657,3464
1144,0.81649,0.71173,0.06196,0.07899,10.47,393,1397,2024,2657,3464
1145,0.81652,0.71173,0.06196,0.079,10.48,393,1397,2025,2657,3464
1146,0.81655,0.71173,0.06195,0.07899,10.49,393,1397,2025,2657,3464
1147,0.81658,0.71174,0.06195,0.07899,10.49,393,1397,2025,2657,3464
1148,0.81661,0.71172,0.06194,0.079,10.5,393,1397,2025,2657,3464
1149,0.81664,0.71172,0.06194,0.079,10.51,393,1397,2025,2657,3464
1150,0.81667,0.71172,0.06193,0.079,10.52,393,1397,2024,2657,3464
1151,0.81671,0.7117,0.06193,0.079,10.53,393,1397,2024,2657,3464
1152,0.81674,0.71169,0.06192,0.079,10.53,393,1397,2024,2657,3464
1153,0.81677,0.71169,0.06192,0.079,10.54,393,1397,2025,2657,3464
1154,0.8168,0.71171,0.06191,0.079,10.55,393,1397,2025,2657,3464
1155,0.81683,0.7117,0.06191,0.079,10.56,393,1397,2025,2657,3464
1156,0.81686,0.71169,0.0619,0.079,10.56,393,1397,2025,2657,3464
1157,0.81689,0.7117,0.0619,0.079,10.57,393,1397,2025,2657,3464
1158,0.81692,0.71168,0.06189,0.079,10.58,393,1397,2025,2657,3464
1159,0.81695,0.71171,0.06189,0.079,10.59,393,1397,2025,2657,3464
1160,0.81698,0.71173,0.06188,0.07899,10.6,393,1397,2025,2657,3464
1161,0.81701,0.71171,0.06188,0.079,10.6,393,1397,2025,2657,3464
1162,0.81705,0.71168,0.06187,0.079,10.61,393,1397,2025,2657,3464
1163,0.81708,0.71167,0.06187,0.079,10.62,393,1397,2025,2657,3464
1164,0.81711,0.7117,0.06186,0.079,10.63,393,1397,2025,2657,3464
1165,0.81714,0.7117,0.06185,0.079,10.64,393,1397,2025,2657,3464
1166,0.81717,0.71167,0.06185,0.079,10.64,393,1397,2025,2657,3464
1167,0.8172,0.71163,0.06184,0.07901,10.65,393,1397,2025,2657,3464
1168,0.81723,0.71162,0.06184,0.07901,10.66,393,1397,2025,2657,3464
1169,0.81726,0.71164,0.06183,0.07901,10.67,393,1397,2025,2657,3464
1170,0.81729,0.71164,0.06183,0.07901,10.67,393,1397,2025,2657,3464
1171,0.81732,0.71161,0.06182,0.07901,10.68,393,1397,2025,2657,3464
1172,0.81735,0.71157,0.06182,0.07902,10.69,393,1397,2025,2657,3464
1173,0.81738,0.71151,0.06181,0.07902,10.7,393,1397,2025,2657,3464
1174,0.81741,0.71149,0.06181,0.07903,10.71,393,1397,2025,2657,3464
1175,0.81745,0.71151,0.0618,0.07903,10.71,393,1397,2025,2657,3464
1176,0.81748,0.71155,0.0618,0.07902,10.72,393,1397,2025,2657,3464
1177,0.8175,0.71158,0.06179,0.07902,10.73,393,1397,2025,2657,3464
1178,0.81754,0.71158,0.06179,0.07902,10.74,393,1397,2025,2657,3464
1179,0.81757,0.71155,0.06178,0.07902,10.75,393,1397,2025,2657,3464
1180,0.8176,0.71151,0.06178,0.07902,10.76,393,1397,2025,2657,3464
1181,0.81763,0.71146,0.06177,0.07903,10.76,393,1397,2025,2657,3464
1182,0.81766,0.7114,0.06177,0.07904,10.77,393,1397,2025,2657,3464
1183,0.81769,0.71138,0.06176,0.07904,10.78,393,1397,2025,2657,3464
1184,0.81772,0.7114,0.06176,0.07904,10.79,393,1397,2025,2657,3464
1185,0.81775,0.71144,0.06175,0.07903,10.8,393,1397,2025,2657,3464
1186,0.81778,0.71145,0.06175,0.07903,10.8,393,1397,2025,2657,3464
1187,0.81781,0.71142,0.06174,0.07904,10.81,393,1397,2025,2657,3464
1188,0.81785,0.71135,0.06173,0.07905,10.82,393,1397,2025,2657,3464
1189,0.81788,0.71131,0.06173,0.07905,10.83,393,1397,2025,2657,3464
1190,0.81791,0.7113,0.06172,0.07905,10.84,393,1397,2025,2657,3464
1191,0.81794,0.71131,0.06172,0.07905,10.85,393,1397,2025,2657,3464
1192,0.81797,0.71134,0.06171,0.07905,10.85,393,1397,2025,2657,3464
1193,0.81801,0.71133,0.06171,0.07905,10.86,393,1397,2025,2657,3464
1194,0.81804,0.71127,0.0617,0.07906,10.87,393,1397,2025,2657,3464
1195,0.81808,0.71122,0.0617,0.07906,10.88,393,1397,2025,2657,3464
1196,0.81811,0.71118,0.06169,0.07907,10.89,393,1397,2025,2657,3464
1197,0.81814,0.71114,0.06168,0.07908,10.9,393,1397,2025,2657,3464
1198,0.81817,0.71111,0.06168,0.07908,10.9,393,1397,2025,2657,3464
1199,0.8182,0.71111,0.06167,0.07908,10.91,393,1397,2025,2657,3464
1200,0.81823,0.71114,0.06167,0.07908,10.92,393,1397,2025,2657,3464
1201,0.81827,0.71119,0.06166,0.07907,10.93,393,1397,2025,2657,3464
1202,0.8183,0.7112,0.06166,0.07907,10.93,393,1397,2025,2657,3464
1203,0.81833,0.71118,0.06165,0.07907,10.94,393,1397,2025,2657,3464
1204,0.81836,0.71114,0.06165,0.07908,10.95,393,1397,2025,2657,3464
1205,0.81839,0.71112,0.06164,0.07908,10.96,393,1397,2025,2657,3464
1206,0.81842,0.71114,0.06164,0.07908,10.97,393,1397,2025,2657,3464
1207,0.81845,0.71116,0.06163,0.07907,10.97,393,1397,2025,2657,3464
1208,0.81848,0.71115,0.06163,0.07907,10.98,393,1397,2025,2657,3464
1209,0.81851,0.71111,0.06162,0.07908,10.99,393,1397,2025,2657,3464
1210,0.81855,0.7111,0.06162,0.07908,11.0,393,1397,2025,2657,3464
1211,0.81858,0.71111,0.06161,0.07908,11.01,393,1397,2025,2657,3464
1212,0.81861,0.71115,0.06161,0.07907,11.02,393,1397,2025,2657,3464
1213,0.81864,0.7112,0.0616,0.07907,11.11,393,1397,2025,2657,3464
1214,0.81867,0.71123,0.0616,0.07906,11.12,393,1397,2025,2657,3464
1215,0.8187,0.71123,0.06159,0.07906,11.13,393,1397,2025,2657,3464
1216,0.81873,0.71122,0.06158,0.07906,11.14,393,1397,2025,2657,3464
1217,0.81876,0.71119,0.06158,0.07907,11.15,393,1397,2025,2657,3464
1218,0.81879,0.7112,0.06157,0.07907,11.16,393,1397,2025,2657,3464
1219,0.81882,0.71121,0.06157,0.07907,11.17,393,1397,2025,2657,3464
1220,0.81885,0.71122,0.06156,0.07906,11.18,393,1397,2025,2657,3464
1221,0.81888,0.71127,0.06156,0.07906,11.19,393,1397,2025,2657,3464
1222,0.81891,0.7113,0.06155,0.07905,11.2,393,1397,2025,2657,3464
1223,0.81894,0.7113,0.06155,0.07905,11.21,393,1397,2025,2657,3464
1224,0.81898,0.71135,0.06154,0.07905,11.22,393,1397,2025,2657,3464
1225,0.81901,0.71142,0.06154,0.07904,11.23,393,1397,2025,2657,3464
1226,0.81903,0.71149,0.06153,0.07903,11.23,393,1397,2025,2657,3464
1227,0.81906,0.71153,0.06153,0.07902,11.24,393,1397,2025,2657,3464
1228,0.81909,0.71156,0.06152,0.07902,11.25,393,1397,2025,2657,3464
1229,0.81913,0.71158,0.06152,0.07902,11.26,393,1397,2025,2657,3464
1230,0.81916,0.71159,0.06151,0.07901,11.27,393,1397,2025,2657,3464
1231,0.81919,0.71159,0.06151,0.07901,11.28,393,1397,2025,2657,3464
1232,0.81922,0.71159,0.0615,0.07901,11.29,393,1397,2025,2657,3464
1233,0.81925,0.71162,0.0615,0.07901,11.3,393,1397,2025,2657,3464
1234,0.81928,0.71164,0.06149,0.07901,11.31,393,1397,2025,2657,3464
1235,0.81931,0.71166,0.06149,0.079,11.32,393,1397,2025,2657,3464
1236,0.81934,0.7117,0.06148,0.079,11.33,393,1397,2025,2657,3464
1237,0.81937,0.71174,0.06148,0.07899,11.33,393,1397,2025,2657,3464
1238,0.8194,0.71176,0.06147,0.07899,11.34,393,1397,2025,2657,3464
1239,0.81943,0.71178,0.06147,0.07899,11.35,393,1397,2025,2657,3464
1240,0.81946,0.71183,0.06146,0.07898,11.36,393,1397,2025,2657,3464
1241,0.81949,0.71188,0.06146,0.07897,11.37,393,1397,2025,2657,3464
1242,0.81952,0.7119,0.06145,0.07897,11.38,393,1397,2025,2657,3464
1243,0.81955,0.71191,0.06145,0.07897,11.39,393,1397,2025,2657,3464
1244,0.81958,0.7119,0.06144,0.07897,11.4,393,1397,2025,2657,3464
1245,0.8196,0.71188,0.06144,0.07897,11.41,393,1397,2025,2657,3464
1246,0.81963,0.71185,0.06143,0.07898,11.42,393,1397,2025,2657,3464
1247,0.81966,0.71187,0.06143,0.07897,11.43,393,1397,2025,2657,3464
1248,0.81969,0.71194,0.06142,0.07897,11.44,393,1397,2025,2657,3464
1249,0.81972,0.71198,0.06142,0.07896,11.45,393,1397,2025,2657,3464
1250,0.81975,0.71199,0.06141,0.07896,11.46,393,1397,2025,2657,3464
1251,0.81978,0.71198,0.06141,0.07896,11.47,393,1397,2025,2657,3464
1252,0.81981,0.71197,0.0614,0.07896,11.48,393,1397,2025,2657,3464
1253,0.81984,0.71195,0.0614,0.07896,11.49,393,1397,2025,2657,3464
1254,0.81987,0.71193,0.06139,0.07897,11.5,393,1397,2025,2657,3464
1255,0.81989,0.71191,0.06139,0.07897,11.51,393,1397,2025,2657,3464
1256,0.81992,0.71189,0.06138,0.07897,11.52,393,1397,2025,2657,3464
1257,0.81995,0.71192,0.06138,0.07897,11.53,393,1397,2025,2657,3464
1258,0.81998,0.71194,0.06137,0.07897,11.54,393,1397,2025,2657,3464
1259,0.82001,0.71196,0.06137,0.07896,11.55,393,1397,2025,2657,3464
1260,0.82004,0.71196,0.06136,0.07896,11.56,393,1397,2025,2657,3464
1261,0.82007,0.71196,0.06136,0.07896,11.58,393,1397,2025,2657,3464
1262,0.8201,0.71195,0.06135,0.07896,11.6,393,1397,2025,2657,3464
1263,0.82012,0.71194,0.06135,0.07897,11.61,393,1397,2025,2657,3464
1264,0.82015,0.71198,0.06134,0.07896,11.62,393,1397,2025,2657,3464
1265,0.82018,0.712,0.06134,0.07896,11.63,393,1397,2025,2657,3464
1266,0.82021,0.712,0.06133,0.07896,11.64,393,1397,2025,2657,3464
1267,0.82024,0.712,0.06133,0.07896,11.65,393,1397,2025,2657,3464
1268,0.82026,0.712,0.06132,0.07896,11.66,393,1397,2025,2657,3464
1269,0.82029,0.712,0.06132,0.07896,11.67,393,1397,2025,2657,3464
1270,0.82032,0.71199,0.06131,0.07896,11.68,393,1397,2025,2657,3464
1271,0.82035,0.71197,0.06131,0.07896,11.69,393,1397,2025,2657,3464
1272,0.82037,0.712,0.0613,0.07896,11.7,393,1397,2025,2657,3464
1273,0.8204,0.71202,0.0613,0.07896,11.71,393,1397,2025,2657,3464
1274,0.82043,0.71202,0.0613,0.07895,11.72,393,1397,2025,2657,3464
1275,0.82046,0.712,0.06129,0.07896,11.73,393,1397,2025,2657,3464
1276,0.82048,0.71198,0.06129,0.07896,11.73,393,1397,2025,2657,3464
1277,0.82051,0.712,0.06128,0.07896,11.74,393,1397,2025,2657,3464
1278,0.82054,0.71202,0.06128,0.07895,11.75,393,1397,2025,2657,3464
1279,0.82057,0.71203,0.06127,0.07895,11.76,393,1397,2025,2657,3464
1280,0.82059,0.71202,0.06127,0.07895,11.77,393,1397,2025,2657,3464
1281,0.82062,0.712,0.06126,0.07896,11.78,393,1397,2025,2657,3464
1282,0.82065,0.71197,0.06126,0.07896,11.79,393,1397,2025,2657,3464
1283,0.82067,0.71194,0.06125,0.07897,11.8,393,1397,2025,2657,3464
1284,0.8207,0.71191,0.06125,0.07897,11.81,393,1397,2025,2657,3464
1285,0.82073,0.71193,0.06124,0.07897,11.82,393,1397,2025,2657,3464
1286,0.82076,0.71193,0.06124,0.07897,11.83,393,1397,2025,2657,3464
1287,0.82078,0.71192,0.06123,0.07897,11.84,393,1397,2025,2657,3464
1288,0.82081,0.7119,0.06123,0.07897,11.85,393,1397,2025,2657,3464
1289,0.82084,0.71187,0.06123,0.07898,11.86,393,1397,2025,2657,3464
1290,0.82086,0.71189,0.06122,0.07897,11.87,393,1397,2025,2657,3464
1291,0.82089,0.71189,0.06122,0.07897,11.88,393,1397,2025,2657,3464
1292,0.82092,0.7119,0.06121,0.07897,11.89,393,1397,2025,2657,3464
1293,0.82094,0.71189,0.06121,0.07897,11.9,393,1397,2025,2657,3464
1294,0.82097,0.71187,0.0612,0.07897,11.9,393,1397,2025,2657,3464
1295,0.821,0.71185,0.0612,0.07898,11.91,393,1397,2025,2657,3464
1296,0.82102,0.71183,0.06119,0.07898,11.92,393,1397,2025,2657,3464
1297,0.82105,0.7118,0.06119,0.07898,11.93,393,1397,2025,2657,3464
1298,0.82107,0.71177,0.06118,0.07899,11.94,393,1397,2025,2657,3464
1299,0.8211,0.71179,0.06118,0.07899,11.95,393,1397,2025,2657,3464
1300,0.82113,0.71179,0.06118,0.07899,11.96,393,1397,2025,2657,3464
1301,0.82115,0.71178,0.06117,0.07899,11.97,393,1397,2025,2657,3464
1302,0.82118,0.71177,0.06117,0.07899,11.98,393,1397,2025,2657,3464
1303,0.82121,0.71174,0.06116,0.07899,11.99,393,1397,2025,2657,3464
1304,0.82123,0.71171,0.06116,0.079,11.99,393,1397,2025,2657,3464
1305,0.82126,0.71168,0.06115,0.079,12.0,393,1397,2025,2657,3464
1306,0.82128,0.71166,0.06115,0.079,12.01,393,1397,2025,2657,3464
1307,0.82131,0.71164,0.06114,0.07901,12.02,393,1397,2025,2657,3464
1308,0.82134,0.71162,0.06114,0.07901,12.03,393,1397,2025,2657,3464
1309,0.82136,0.71163,0.06114,0.07901,12.03,393,1397,2025,2657,3464
1310,0.82139,0.71164,0.06113,0.07901,12.04,393,1397,2025,2657,3464
1311,0.82142,0.71163,0.06113,0.07901,12.05,393,1397,2025,2657,3464
1312,0.82144,0.71162,0.06112,0.07901,12.06,393,1397,2025,2657,3464
1313,0.82147,0.7116,0.06112,0.07901,12.07,393,1397,2025,2657,3464
1314,0.82149,0.71158,0.06111,0.07902,12.08,393,1397,2025,2657,3464
1315,0.82152,0.71156,0.06111,0.07902,12.08,393,1397,2025,2657,3464
1316,0.82155,0.71154,0.0611,0.07902,12.09,393,1397,2025,2657,3464
1317,0.82157,0.71151,0.0611,0.07903,12.1,393,1397,2025,2657,3464
1318,0.8216,0.71147,0.0611,0.07903,12.11,393,1397,2025,2657,3464
1319,0.82162,0.71145,0.06109,0.07903,12.12,393,1397,2025,2657,3464
1320,0.82165,0.71142,0.06109,0.07904,12.13,393,1397,2025,2657,3464
1321,0.82168,0.7114,0.06108,0.07904,12.14,393,1397,2025,2657,3464
1322,0.8217,0.71137,0.06108,0.07904,12.15,393,1397,2025,2657,3464
1323,0.82173,0.71134,0.06107,0.07905,12.16,393,1397,2025,2657,3464
1324,0.82175,0.7113,0.06107,0.07905,12.17,393,1397,2025,2657,3464
1325,0.82178,0.71127,0.06106,0.07906,12.18,393,1397,2025,2657,3464
1326,0.82181,0.7113,0.06106,0.07905,12.19,393,1397,2025,2657,3464
1327,0.82183,0.71134,0.06106,0.07905,12.2,393,1397,2025,2657,3464
1328,0.82186,0.71137,0.06105,0.07904,12.21,393,1397,2025,2657,3464
1329,0.82188,0.71139,0.06105,0.07904,12.22,393,1397,2025,2657,3464
1330,0.82191,0.71141,0.06104,0.07904,12.22,393,1397,2025,2657,3464
1331,0.82194,0.71141,0.06104,0.07904,12.23,393,1397,2025,2657,3464
1332,0.82196,0.7114,0.06103,0.07904,12.24,393,1397,2025,2657,3464
1333,0.82199,0.71139,0.06103,0.07904,12.25,393,1397,2025,2657,3464
1334,0.82201,0.71138,0.06102,0.07904,12.26,393,1397,2025,2657,3464
1335,0.82204,0.71137,0.06102,0.07904,12.27,393,1397,2025,2657,3464
1336,0.82207,0.71136,0.06102,0.07905,12.28,393,1397,2025,2657,3464
1337,0.82209,0.71134,0.06101,0.07905,12.29,393,1397,2025,2657,3464
1338,0.82212,0.71132,0.06101,0.07905,12.29,393,1397,2025,2657,3464
1339,0.82215,0.71129,0.061,0.07905,12.3,393,1397,2025,2657,3464
1340,0.82217,0.71126,0.061,0.07906,12.31,393,1397,2025,2657,3464
1341,0.8222,0.71124,0.06099,0.07906,12.32,393,1397,2025,2657,3464
1342,0.82222,0.71122,0.06099,0.07906,12.32,393,1397,2025,2657,3464
1343,0.82225,0.71121,0.06098,0.07907,12.33,393,1397,2025,2657,3464
1344,0.82227,0.71119,0.06098,0.07907,12.34,393,1397,2025,2657,3464
1345,0.8223,0.71117,0.06097,0.07907,12.35,393,1397,2025,2657,3464
1346,0.82233,0.71115,0.06097,0.07907,12.36,393,1397,2025,2657,3464
1347,0.82235,0.71113,0.06097,0.07908,12.37,393,1397,2025,2657,3464
1348,0.82238,0.7111,0.06096,0.07908,12.37,393,1397,2025,2657,3464
1349,0.82241,0.71109,0.06096,0.07908,12.38,393,1397,2025,2657,3464
1350,0.82243,0.71108,0.06095,0.07908,12.39,393,1397,2025,2657,3464
1351,0.82246,0.71108,0.06095,0.07908,12.4,393,1397,2025,2657,3464
1352,0.82249,0.7111,0.06094,0.07908,12.4,393,1397,2025,2657,3464
1353,0.82251,0.7111,0.06094,0.07908,12.41,393,1397,2025,2657,3464
1354,0.82254,0.71109,0.06093,0.07908,12.42,393,1397,2025,2657,3464
1355,0.82257,0.71107,0.06093,0.07908,12.43,393,1397,2025,2657,3464
1356,0.82259,0.71104,0.06093,0.07909,12.44,393,1397,2025,2657,3464
1357,0.82262,0.71102,0.06092,0.07909,12.45,393,1397,2025,2657,3464
1358,0.82264,0.71101,0.06092,0.07909,12.45,393,1397,2025,2657,3464
1359,0.82267,0.711,0.06091,0.07909,12.46,393,1397,2025,2657,3464
1360,0.8227,0.71098,0.06091,0.0791,12.47,393,1397,2025,2657,3464
1361,0.82272,0.71095,0.0609,0.0791,12.48,393,1397,2025,2657,3464
1362,0.82275,0.71091,0.0609,0.07911,12.48,393,1397,2025,2657,3464
1363,0.82277,0.71088,0.06089,0.07911,12.49,393,1397,2025,2657,3464
1364,0.8228,0.71086,0.06089,0.07911,12.5,393,1397,2025,2657,3464
1365,0.82283,0.71084,0.06088,0.07912,12.51,393,1397,2025,2657,3464
1366,0.82285,0.71083,0.06088,0.07912,12.52,393,1397,2025,2657,3464
1367,0.82288,0.71081,0.06088,0.07912,12.52,393,1397,2025,2657,3464
1368,0.8229,0.71078,0.06087,0.07912,12.53,393,1397,2025,2657,3464
1369,0.82293,0.71074,0.06087,0.07913,12.54,393,1397,2025,2657,3464
1370,0.82296,0.7107,0.06086,0.07913,12.55,393,1397,2025,2657,3464
1371,0.82298,0.71068,0.06086,0.07914,12.55,393,1397,2025,2657,3464
1372,0.82301,0.71065,0.06085,0.07914,12.56,393,1397,2025,2657,3464
1373,0.82303,0.71063,0.06085,0.07915,12.57,393,1397,2025,2657,3464
1374,0.82306,0.7106,0.06084,0.07915,12.58,393,1397,2025,2657,3464
1375,0.82309,0.71058,0.06084,0.07915,12.59,393,1397,2025,2657,3464
1376,0.82311,0.71055,0.06084,0.07916,12.59,393,1397,2025,2657,3464
1377,0.82314,0.71052,0.06083,0.07916,12.6,393,1397,2025,2657,3464
1378,0.82316,0.71049,0.06083,0.07916,12.61,393,1397,2025,2657,3464
1379,0.82319,0.71046,0.06082,0.07917,12.62,393,1397,2025,2657,3464
1380,0.82321,0.71044,0.06082,0.07917,12.62,393,1397,2025,2657,3464
1381,0.82324,0.71042,0.06081,0.07917,12.63,393,1397,2025,2657,3464
1382,0.82326,0.71039,0.06081,0.07918,12.64,393,1397,2025,2657,3464
1383,0.82329,0.71036,0.06081,0.07918,12.65,393,1397,2025,2657,3464
1384,0.82332,0.71032,0.0608,0.07919,12.65,393,1397,2025,2657,3464
1385,0.82334,0.71029,0.0608,0.07919,12.66,393,1397,2025,2657,3464
1386,0.82337,0.71027,0.06079,0.07919,12.67,393,1397,2025,2657,3464
1387,0.82339,0.71024,0.06079,0.0792,12.68,393,1397,2025,2657,3464
1388,0.82342,0.7102,0.06078,0.0792,12.68,393,1397,2025,2657,3464
1389,0.82344,0.71017,0.06078,0.07921,12.69,393,1397,2025,2657,3464
1390,0.82347,0.71013,0.06077,0.07921,12.7,393,1397,2025,2657,3464
1391,0.82349,0.71011,0.06077,0.07922,12.71,393,1397,2025,2657,3464
1392,0.82352,0.71008,0.06077,0.07922,12.72,393,1397,2025,2657,3464
1393,0.82354,0.71004,0.06076,0.07923,12.72,393,1397,2025,2657,3464
1394,0.82357,0.71,0.06076,0.07923,12.73,393,1397,2025,2657,3464
1395,0.8236,0.70996,0.06075,0.07924,12.74,393,1397,2025,2657,3464
1396,0.82362,0.70993,0.06075,0.07924,12.75,393,1397,2025,2657,3464
1397,0.82365,0.70991,0.06074,0.07924,12.76,393,1397,2025,2657,3464
1398,0.82367,0.70988,0.06074,0.07925,12.77,393,1397,2025,2657,3464
1399,0.8237,0.70986,0.06074,0.07925,12.78,393,1397,2025,2657,3464
1400,0.82372,0.70982,0.06073,0.07926,12.79,393,1397,2025,2657,3464
1401,0.82375,0.70978,0.06073,0.07926,12.8,393,1397,2025,2657,3464
1402,0.82377,0.70975,0.06072,0.07927,12.8,393,1397,2025,2657,3464
1403,0.8238,0.70972,0.06072,0.07927,12.81,393,1397,2025,2657,3464
1404,0.82382,0.70969,0.06071,0.07927,12.82,393,1397,2025,2657,3464
1405,0.82385,0.70966,0.06071,0.07928,12.83,393,1397,2025,2657,3464
1406,0.82387,0.70963,0.0607,0.07928,12.83,393,1397,2025,2657,3464
1407,0.8239,0.7096,0.0607,0.07929,12.84,393,1397,2025,2657,3464
1408,0.82392,0.70956,0.0607,0.07929,12.85,393,1397,2025,2657,3464
1409,0.82395,0.70952,0.06069,0.0793,12.86,393,1397,2025,2657,3464
1410,0.82397,0.70948,0.06069,0.0793,12.87,393,1397,2025,2657,3464
1411,0.824,0.70944,0.06068,0.07931,12.88,393,1397,2025,2657,3464
1412,0.82402,0.70941,0.06068,0.07931,12.89,393,1397,2025,2657,3464
1413,0.82405,0.70938,0.06067,0.07932,12.9,393,1397,2025,2657,3464
1414,0.82407,0.70934,0.06067,0.07932,12.91,393,1397,2025,2657,3464
1415,0.8241,0.7093,0.06067,0.07933,12.92,393,1397,2025,2657,3464
1416,0.82412,0.70927,0.06066,0.07933,12.93,393,1397,2025,2657,3464
1417,0.82415,0.70924,0.06066,0.07934,12.94,393,1397,2025,2657,3464
1418,0.82417,0.7092,0.06065,0.07934,12.95,393,1397,2025,2657,3464
1419,0.8242,0.70916,0.06065,0.07935,12.96,393,1397,2025,2657,3464
1420,0.82422,0.70912,0.06064,0.07935,12.97,393,1397,2025,2657,3464
1421,0.82425,0.70908,0.06064,0.07936,12.98,393,1397,2025,2657,3464
1422,0.82427,0.70906,0.06064,0.07936,12.99,393,1397,2025,2657,3464
1423,0.8243,0.70903,0.06063,0.07936,12.99,393,1397,2025,2657,3464
1424,0.82432,0.709,0.06063,0.07937,13.0,393,1397,2025,2657,3464
1425,0.82435,0.70895,0.06062,0.07937,13.01,393,1397,2025,2657,3464
1426,0.82437,0.70889,0.06062,0.07938,13.02,393,1397,2025,2657,3464
1427,0.8244,0.70885,0.06061,0.07939,13.03,393,1397,2025,2657,3464
1428,0.82442,0.70882,0.06061,0.07939,13.03,393,1397,2025,2657,3464
1429,0.82445,0.70879,0.06061,0.0794,13.04,393,1397,2025,2657,3464
1430,0.82447,0.70877,0.0606,0.0794,13.05,393,1397,2025,2657,3464
1431,0.8245,0.70872,0.0606,0.07941,13.06,393,1397,2025,2657,3464
1432,0.82452,0.70867,0.06059,0.07941,13.06,393,1397,2025,2657,3464
1433,0.82455,0.70862,0.06059,0.07942,13.07,393,1397,2025,2657,3464
1434,0.82457,0.70857,0.06058,0.07943,13.08,393,1397,2025,2657,3464
1435,0.8246,0.70853,0.06058,0.07943,13.2,393,1397,2025,2657,3464
1436,0.82462,0.7085,0.06058,0.07944,13.21,393,1397,2025,2657,3464
1437,0.82464,0.70847,0.06057,0.07944,13.21,393,1397,2025,2657,3464
1438,0.82467,0.70844,0.06057,0.07944,13.22,393,1397,2025,2657,3464
1439,0.82469,0.7084,0.06056,0.07945,13.23,393,1397,2025,2657,3464
1440,0.82472,0.70836,0.06056,0.07946,13.24,393,1397,2025,2657,3464
1441,0.82474,0.70832,0.06055,0.07946,13.24,393,1397,2025,2657,3464
1442,0.82477,0.70828,0.06055,0.07947,13.25,393,1397,2025,2657,3464
1443,0.82479,0.70824,0.06055,0.07947,13.26,393,1397,2025,2657,3464
1444,0.82482,0.7082,0.06054,0.07948,13.27,393,1397,2025,2657,3464
1445,0.82484,0.70816,0.06054,0.07948,13.27,393,1397,2025,2657,3464
1446,0.82487,0.70813,0.06053,0.07949,13.28,393,1397,2025,2657,3464
1447,0.82489,0.70809,0.06053,0.07949,13.29,393,1397,2025,2657,3464
1448,0.82492,0.70805,0.06052,0.0795,13.3,393,1397,2025,2657,3464
1449,0.82494,0.708,0.06052,0.0795,13.3,393,1397,2025,2657,3464
1450,0.82496,0.70795,0.06052,0.07951,13.31,393,1397,2025,2657,3464
1451,0.82499,0.70789,0.06051,0.07952,13.32,393,1397,2025,2657,3464
1452,0.82501,0.70785,0.06051,0.07952,13.33,393,1397,2025,2657,3464
1453,0.82504,0.7078,0.0605,0.07953,13.33,393,1397,2025,2657,3464
1454,0.82506,0.70777,0.0605,0.07954,13.34,393,1397,2025,2657,3464
1455,0.82509,0.70772,0.0605,0.07954,13.35,393,1397,2025,2657,3464
1456,0.82511,0.70768,0.06049,0.07955,13.36,393,1397,2025,2657,3464
1457,0.82514,0.70763,0.06049,0.07955,13.37,393,1397,2025,2657,3464
1458,0.82516,0.70758,0.06048,0.07956,13.38,393,1397,2025,2657,3464
1459,0.82518,0.70754,0.06048,0.07957,13.39,393,1397,2025,2657,3464
1460,0.82521,0.70749,0.06047,0.07957,13.4,393,1397,2025,2657,3464
1461,0.82523,0.70745,0.06047,0.07958,13.41,393,1397,2025,2657,3464
1462,0.82526,0.70742,0.06047,0.07958,13.41,393,1397,2025,2657,3464
1463,0.82528,0.70738,0.06046,0.07959,13.42,393,1397,2025,2657,3464
1464,0.82531,0.70734,0.06046,0.07959,13.43,393,1397,2025,2657,3464
1465,0.82533,0.70729,0.06045,0.0796,13.44,393,1397,2025,2657,3464
1466,0.82535,0.70725,0.06045,0.07961,13.45,393,1397,2025,2657,3464
1467,0.82538,0.7072,0.06044,0.07961,13.46,393,1397,2025,2657,3464
1468,0.8254,0.70715,0.06044,0.07962,13.47,393,1397,2025,2657,3464
1469,0.82543,0.7071,0.06044,0.07963,13.47,393,1397,2025,2657,3464
1470,0.82545,0.70705,0.06043,0.07963,13.48,393,1397,2025,2657,3464
1471,0.82548,0.707,0.06043,0.07964,13.49,393,1397,2025,2657,3464
1472,0.8255,0.70695,0.06042,0.07965,13.5,393,1397,2025,2657,3464
1473,0.82552,0.70691,0.06042,0.07965,13.5,393,1397,2025,2657,3464
1474,0.82555,0.70686,0.06042,0.07966,13.51,393,1397,2025,2657,3464
1475,0.82557,0.70682,0.06041,0.07966,13.52,393,1397,2025,2657,3464
1476,0.8256,0.70677,0.06041,0.07967,13.52,393,1397,2025,2657,3464
1477,0.82562,0.70672,0.0604,0.07968,13.53,393,1397,2025,2657,3464
1478,0.82564,0.70667,0.0604,0.07969,13.54,393,1397,2025,2657,3464
1479,0.82567,0.70662,0.06039,0.07969,13.55,393,1397,2025,2657,3464
1480,0.82569,0.70656,0.06039,0.0797,13.56,393,1397,2025,2657,3464
1481,0.82572,0.7065,0.06039,0.07971,13.57,393,1397,2025,2657,3464
1482,0.82574,0.70643,0.06038,0.07972,13.57,393,1397,2025,2657,3464
1483,0.82577,0.70636,0.06038,0.07973,13.58,393,1397,2025,2657,3464
1484,0.82579,0.70631,0.06037,0.07973,13.59,393,1397,2025,2657,3464
1485,0.82582,0.70627,0.06037,0.07974,13.6,393,1397,2025,2657,3464
1486,0.82584,0.70624,0.06036,0.07974,13.61,393,1397,2025,2657,3464
1487,0.82587,0.70621,0.06036,0.07975,13.62,393,1397,2025,2657,3464
1488,0.82589,0.70616,0.06036,0.07975,13.62,393,1397,2025,2657,3464
1489,0.82592,0.70611,0.06035,0.07976,13.63,393,1397,2025,2657,3464
1490,0.82594,0.70608,0.06035,0.07977,13.64,393,1397,2025,2657,3464
1491,0.82596,0.70605,0.06034,0.07977,13.65,393,1397,2025,2657,3464
1492,0.82599,0.70604,0.06034,0.07977,13.66,393,1397,2025,2657,3464
1493,0.82601,0.706,0.06033,0.07978,13.66,393,1397,2025,2657,3464
1494,0.82604,0.70593,0.06033,0.07978,13.67,393,1397,2025,2657,3464
1495,0.82606,0.70586,0.06033,0.0798,13.68,393,1397,2025,2657,3464
1496,0.82609,0.7058,0.06032,0.0798,13.69,393,1397,2025,2657,3464
1497,0.82611,0.70576,0.06032,0.07981,13.7,393,1397,2025,2657,3464
1498,0.82613,0.70573,0.06031,0.07981,13.7,393,1397,2025,2657,3464
1499,0.82616,0.70567,0.06031,0.07982,13.71,393,1397,2025,2657,3464
