i,j,score
0.0,0.0,-0.067
0.0,1.0,-0.044
0.0,2.0,-0.035
0.0,3.0,-0.018
0.0,4.0,0.008
0.0,5.0,0.039
0.0,6.0,0.047
0.0,7.0,0.036
0.0,8.0,0.014
0.0,9.0,-0.011
0.0,10.0,-0.029
0.0,11.0,-0.059
0.0,12.0,-0.066
0.0,13.0,-0.074
0.0,14.0,-0.095
0.0,15.0,-0.101
0.0,16.0,-0.119
0.0,17.0,-0.122
0.0,18.0,-0.132
0.0,19.0,-0.135
0.0,20.0,-0.137
0.0,21.0,-0.139
0.0,22.0,-0.14
0.0,23.0,-0.14
0.0,24.0,-0.141
0.0,25.0,-0.141
0.0,26.0,-0.142
0.0,27.0,-0.142
0.0,28.0,-0.142
0.0,29.0,-0.142
0.0,30.0,-0.142
0.0,31.0,-0.143
0.0,32.0,-0.134
0.0,33.0,-0.133
0.0,34.0,-0.133
0.0,35.0,-0.134
0.0,36.0,-0.134
0.0,37.0,-0.135
0.0,38.0,-0.135
0.0,39.0,-0.134
0.0,40.0,-0.132
0.0,41.0,-0.13
0.0,42.0,-0.131
0.0,43.0,-0.131
0.0,44.0,-0.132
0.0,45.0,-0.132
0.0,46.0,-0.128
0.0,47.0,-0.114
0.0,48.0,-0.111
0.0,49.0,-0.115
0.0,50.0,-0.115
0.0,51.0,-0.11
0.0,52.0,-0.094
0.0,53.0,-0.093
0.0,54.0,-0.095
0.0,55.0,-0.115
0.0,56.0,-0.13
0.0,57.0,-0.116
0.0,58.0,-0.091
0.0,59.0,-0.083
0.0,60.0,-0.084
0.0,61.0,-0.094
0.0,62.0,-0.097
0.0,63.0,-0.094
0.0,64.0,-0.093
0.0,65.0,-0.095
1.0,0.0,-0.051
1.0,1.0,-0.028
1.0,2.0,-0.012
1.0,3.0,0.005
1.0,4.0,0.025
1.0,5.0,0.054
1.0,6.0,0.06
1.0,7.0,0.042
1.0,8.0,0.027
1.0,9.0,-0.005
1.0,10.0,-0.03
1.0,11.0,-0.039
1.0,12.0,-0.067
1.0,13.0,-0.082
1.0,14.0,-0.089
1.0,15.0,-0.107
1.0,16.0,-0.112
1.0,17.0,-0.129
1.0,18.0,-0.132
1.0,19.0,-0.141
1.0,20.0,-0.144
1.0,21.0,-0.146
1.0,22.0,-0.147
1.0,23.0,-0.147
1.0,24.0,-0.148
1.0,25.0,-0.148
1.0,26.0,-0.149
1.0,27.0,-0.149
1.0,28.0,-0.149
1.0,29.0,-0.148
1.0,30.0,-0.149
1.0,31.0,-0.149
1.0,32.0,-0.141
1.0,33.0,-0.133
1.0,34.0,-0.14
1.0,35.0,-0.14
1.0,36.0,-0.141
1.0,37.0,-0.141
1.0,38.0,-0.141
1.0,39.0,-0.14
1.0,40.0,-0.138
1.0,41.0,-0.13
1.0,42.0,-0.13
1.0,43.0,-0.131
1.0,44.0,-0.131
1.0,45.0,-0.131
1.0,46.0,-0.127
1.0,47.0,-0.108
1.0,48.0,-0.105
1.0,49.0,-0.108
1.0,50.0,-0.109
1.0,51.0,-0.104
1.0,52.0,-0.101
1.0,53.0,-0.1
1.0,54.0,-0.101
1.0,55.0,-0.109
1.0,56.0,-0.136
1.0,57.0,-0.109
1.0,58.0,-0.097
1.0,59.0,-0.076
1.0,60.0,-0.09
1.0,61.0,-0.101
1.0,62.0,-0.103
1.0,63.0,-0.101
1.0,64.0,-0.1
1.0,65.0,-0.102
2.0,0.0,-0.038
2.0,1.0,-0.022
2.0,2.0,0.002
2.0,3.0,0.019
2.0,4.0,0.052
2.0,5.0,0.069
2.0,6.0,0.075
2.0,7.0,0.058
2.0,8.0,0.035
2.0,9.0,0.01
2.0,10.0,-0.015
2.0,11.0,-0.024
2.0,12.0,-0.046
2.0,13.0,-0.075
2.0,14.0,-0.09
2.0,15.0,-0.095
2.0,16.0,-0.114
2.0,17.0,-0.118
2.0,18.0,-0.121
2.0,19.0,-0.124
2.0,20.0,-0.126
2.0,21.0,-0.128
2.0,22.0,-0.129
2.0,23.0,-0.13
2.0,24.0,-0.13
2.0,25.0,-0.131
2.0,26.0,-0.132
2.0,27.0,-0.132
2.0,28.0,-0.132
2.0,29.0,-0.131
2.0,30.0,-0.132
2.0,31.0,-0.133
2.0,32.0,-0.124
2.0,33.0,-0.122
2.0,34.0,-0.123
2.0,35.0,-0.124
2.0,36.0,-0.124
2.0,37.0,-0.124
2.0,38.0,-0.125
2.0,39.0,-0.124
2.0,40.0,-0.122
2.0,41.0,-0.12
2.0,42.0,-0.12
2.0,43.0,-0.121
2.0,44.0,-0.121
2.0,45.0,-0.121
2.0,46.0,-0.118
2.0,47.0,-0.11
2.0,48.0,-0.107
2.0,49.0,-0.11
2.0,50.0,-0.111
2.0,51.0,-0.106
2.0,52.0,-0.103
2.0,53.0,-0.089
2.0,54.0,-0.09
2.0,55.0,-0.111
2.0,56.0,-0.119
2.0,57.0,-0.111
2.0,58.0,-0.086
2.0,59.0,-0.078
2.0,60.0,-0.08
2.0,61.0,-0.09
2.0,62.0,-0.106
2.0,63.0,-0.103
2.0,64.0,-0.088
2.0,65.0,-0.091
3.0,0.0,-0.031
3.0,1.0,-0.006
3.0,2.0,0.017
3.0,3.0,0.036
3.0,4.0,0.059
3.0,5.0,0.077
3.0,6.0,0.083
3.0,7.0,0.065
3.0,8.0,0.048
3.0,9.0,0.029
3.0,10.0,0.01
3.0,11.0,-0.007
3.0,12.0,-0.029
3.0,13.0,-0.053
3.0,14.0,-0.069
3.0,15.0,-0.075
3.0,16.0,-0.094
3.0,17.0,-0.098
3.0,18.0,-0.108
3.0,19.0,-0.111
3.0,20.0,-0.113
3.0,21.0,-0.115
3.0,22.0,-0.116
3.0,23.0,-0.117
3.0,24.0,-0.117
3.0,25.0,-0.118
3.0,26.0,-0.119
3.0,27.0,-0.119
3.0,28.0,-0.12
3.0,29.0,-0.119
3.0,30.0,-0.119
3.0,31.0,-0.134
3.0,32.0,-0.112
3.0,33.0,-0.11
3.0,34.0,-0.111
3.0,35.0,-0.112
3.0,36.0,-0.112
3.0,37.0,-0.113
3.0,38.0,-0.113
3.0,39.0,-0.112
3.0,40.0,-0.11
3.0,41.0,-0.108
3.0,42.0,-0.109
3.0,43.0,-0.11
3.0,44.0,-0.11
3.0,45.0,-0.123
3.0,46.0,-0.12
3.0,47.0,-0.099
3.0,48.0,-0.095
3.0,49.0,-0.099
3.0,50.0,-0.099
3.0,51.0,-0.094
3.0,52.0,-0.084
3.0,53.0,-0.083
3.0,54.0,-0.084
3.0,55.0,-0.099
3.0,56.0,-0.108
3.0,57.0,-0.1
3.0,58.0,-0.081
3.0,59.0,-0.066
3.0,60.0,-0.075
3.0,61.0,-0.085
3.0,62.0,-0.094
3.0,63.0,-0.091
3.0,64.0,-0.082
3.0,65.0,-0.077
4.0,0.0,-0.028
4.0,1.0,0.008
4.0,2.0,0.019
4.0,3.0,0.04
4.0,4.0,0.066
4.0,5.0,0.086
4.0,6.0,0.092
4.0,7.0,0.087
4.0,8.0,0.075
4.0,9.0,0.049
4.0,10.0,0.023
4.0,11.0,0.012
4.0,12.0,-0.005
4.0,13.0,-0.029
4.0,14.0,-0.046
4.0,15.0,-0.066
4.0,16.0,-0.072
4.0,17.0,-0.077
4.0,18.0,-0.087
4.0,19.0,-0.09
4.0,20.0,-0.092
4.0,21.0,-0.094
4.0,22.0,-0.095
4.0,23.0,-0.096
4.0,24.0,-0.096
4.0,25.0,-0.097
4.0,26.0,-0.098
4.0,27.0,-0.098
4.0,28.0,-0.099
4.0,29.0,-0.105
4.0,30.0,-0.112
4.0,31.0,-0.121
4.0,32.0,-0.098
4.0,33.0,-0.096
4.0,34.0,-0.097
4.0,35.0,-0.105
4.0,36.0,-0.105
4.0,37.0,-0.106
4.0,38.0,-0.113
4.0,39.0,-0.112
4.0,40.0,-0.104
4.0,41.0,-0.102
4.0,42.0,-0.102
4.0,43.0,-0.103
4.0,44.0,-0.111
4.0,45.0,-0.111
4.0,46.0,-0.108
4.0,47.0,-0.085
4.0,48.0,-0.075
4.0,49.0,-0.086
4.0,50.0,-0.093
4.0,51.0,-0.074
4.0,52.0,-0.064
4.0,53.0,-0.062
4.0,54.0,-0.064
4.0,55.0,-0.08
4.0,56.0,-0.102
4.0,57.0,-0.087
4.0,58.0,-0.06
4.0,59.0,-0.052
4.0,60.0,-0.056
4.0,61.0,-0.065
4.0,62.0,-0.067
4.0,63.0,-0.071
4.0,64.0,-0.062
4.0,65.0,-0.063
5.0,0.0,-0.013
5.0,1.0,0.008
5.0,2.0,0.019
5.0,3.0,0.042
5.0,4.0,0.069
5.0,5.0,0.103
5.0,6.0,0.104
5.0,7.0,0.092
5.0,8.0,0.081
5.0,9.0,0.054
5.0,10.0,0.041
5.0,11.0,0.016
5.0,12.0,0.006
5.0,13.0,-0.019
5.0,14.0,-0.043
5.0,15.0,-0.051
5.0,16.0,-0.057
5.0,17.0,-0.075
5.0,18.0,-0.079
5.0,19.0,-0.082
5.0,20.0,-0.084
5.0,21.0,-0.086
5.0,22.0,-0.087
5.0,23.0,-0.088
5.0,24.0,-0.088
5.0,25.0,-0.089
5.0,26.0,-0.09
5.0,27.0,-0.091
5.0,28.0,-0.091
5.0,29.0,-0.091
5.0,30.0,-0.092
5.0,31.0,-0.101
5.0,32.0,-0.084
5.0,33.0,-0.082
5.0,34.0,-0.083
5.0,35.0,-0.085
5.0,36.0,-0.085
5.0,37.0,-0.086
5.0,38.0,-0.087
5.0,39.0,-0.086
5.0,40.0,-0.084
5.0,41.0,-0.082
5.0,42.0,-0.083
5.0,43.0,-0.084
5.0,44.0,-0.085
5.0,45.0,-0.092
5.0,46.0,-0.09
5.0,47.0,-0.072
5.0,48.0,-0.068
5.0,49.0,-0.073
5.0,50.0,-0.073
5.0,51.0,-0.067
5.0,52.0,-0.063
5.0,53.0,-0.048
5.0,54.0,-0.056
5.0,55.0,-0.072
5.0,56.0,-0.083
5.0,57.0,-0.074
5.0,58.0,-0.059
5.0,59.0,-0.038
5.0,60.0,-0.055
5.0,61.0,-0.065
5.0,62.0,-0.054
5.0,63.0,-0.051
5.0,64.0,-0.047
5.0,65.0,-0.048
6.0,0.0,0.003
6.0,1.0,0.009
6.0,2.0,0.02
6.0,3.0,0.044
6.0,4.0,0.071
6.0,5.0,0.107
6.0,6.0,0.115
6.0,7.0,0.096
6.0,8.0,0.085
6.0,9.0,0.058
6.0,10.0,0.045
6.0,11.0,0.027
6.0,12.0,0.003
6.0,13.0,-0.016
6.0,14.0,-0.034
6.0,15.0,-0.049
6.0,16.0,-0.055
6.0,17.0,-0.06
6.0,18.0,-0.064
6.0,19.0,-0.08
6.0,20.0,-0.083
6.0,21.0,-0.084
6.0,22.0,-0.086
6.0,23.0,-0.086
6.0,24.0,-0.086
6.0,25.0,-0.087
6.0,26.0,-0.088
6.0,27.0,-0.089
6.0,28.0,-0.09
6.0,29.0,-0.09
6.0,30.0,-0.091
6.0,31.0,-0.1
6.0,32.0,-0.082
6.0,33.0,-0.081
6.0,34.0,-0.082
6.0,35.0,-0.083
6.0,36.0,-0.084
6.0,37.0,-0.085
6.0,38.0,-0.086
6.0,39.0,-0.085
6.0,40.0,-0.083
6.0,41.0,-0.081
6.0,42.0,-0.082
6.0,43.0,-0.083
6.0,44.0,-0.09
6.0,45.0,-0.091
6.0,46.0,-0.089
6.0,47.0,-0.07
6.0,48.0,-0.067
6.0,49.0,-0.072
6.0,50.0,-0.072
6.0,51.0,-0.066
6.0,52.0,-0.061
6.0,53.0,-0.047
6.0,54.0,-0.048
6.0,55.0,-0.071
6.0,56.0,-0.083
6.0,57.0,-0.073
6.0,58.0,-0.044
6.0,59.0,-0.036
6.0,60.0,-0.054
6.0,61.0,-0.063
6.0,62.0,-0.059
6.0,63.0,-0.05
6.0,64.0,-0.046
6.0,65.0,-0.046
7.0,0.0,0.006
7.0,1.0,0.01
7.0,2.0,0.022
7.0,3.0,0.047
7.0,4.0,0.074
7.0,5.0,0.097
7.0,6.0,0.106
7.0,7.0,0.1
7.0,8.0,0.089
7.0,9.0,0.062
7.0,10.0,0.035
7.0,11.0,0.017
7.0,12.0,-0.0
7.0,13.0,-0.019
7.0,14.0,-0.038
7.0,15.0,-0.046
7.0,16.0,-0.066
7.0,17.0,-0.071
7.0,18.0,-0.075
7.0,19.0,-0.078
7.0,20.0,-0.081
7.0,21.0,-0.083
7.0,22.0,-0.084
7.0,23.0,-0.085
7.0,24.0,-0.085
7.0,25.0,-0.085
7.0,26.0,-0.086
7.0,27.0,-0.087
7.0,28.0,-0.094
7.0,29.0,-0.094
7.0,30.0,-0.096
7.0,31.0,-0.104
7.0,32.0,-0.081
7.0,33.0,-0.079
7.0,34.0,-0.087
7.0,35.0,-0.088
7.0,36.0,-0.089
7.0,37.0,-0.09
7.0,38.0,-0.097
7.0,39.0,-0.096
7.0,40.0,-0.088
7.0,41.0,-0.086
7.0,42.0,-0.087
7.0,43.0,-0.094
7.0,44.0,-0.095
7.0,45.0,-0.103
7.0,46.0,-0.094
7.0,47.0,-0.069
7.0,48.0,-0.065
7.0,49.0,-0.077
7.0,50.0,-0.071
7.0,51.0,-0.064
7.0,52.0,-0.059
7.0,53.0,-0.058
7.0,54.0,-0.059
7.0,55.0,-0.07
7.0,56.0,-0.082
7.0,57.0,-0.072
7.0,58.0,-0.056
7.0,59.0,-0.048
7.0,60.0,-0.052
7.0,61.0,-0.062
7.0,62.0,-0.064
7.0,63.0,-0.061
7.0,64.0,-0.043
7.0,65.0,-0.044
8.0,0.0,-0.013
8.0,1.0,-0.018
8.0,2.0,0.008
8.0,3.0,0.048
8.0,4.0,0.075
8.0,5.0,0.099
8.0,6.0,0.108
8.0,7.0,0.103
8.0,8.0,0.079
8.0,9.0,0.052
8.0,10.0,0.032
8.0,11.0,0.014
8.0,12.0,-0.004
8.0,13.0,-0.023
8.0,14.0,-0.035
8.0,15.0,-0.057
8.0,16.0,-0.064
8.0,17.0,-0.069
8.0,18.0,-0.073
8.0,19.0,-0.082
8.0,20.0,-0.085
8.0,21.0,-0.093
8.0,22.0,-0.094
8.0,23.0,-0.095
8.0,24.0,-0.095
8.0,25.0,-0.096
8.0,26.0,-0.097
8.0,27.0,-0.098
8.0,28.0,-0.105
8.0,29.0,-0.105
8.0,30.0,-0.112
8.0,31.0,-0.115
8.0,32.0,-0.098
8.0,33.0,-0.096
8.0,34.0,-0.097
8.0,35.0,-0.099
8.0,36.0,-0.1
8.0,37.0,-0.101
8.0,38.0,-0.108
8.0,39.0,-0.101
8.0,40.0,-0.099
8.0,41.0,-0.097
8.0,42.0,-0.098
8.0,43.0,-0.099
8.0,44.0,-0.106
8.0,45.0,-0.107
8.0,46.0,-0.104
8.0,47.0,-0.085
8.0,48.0,-0.076
8.0,49.0,-0.088
8.0,50.0,-0.088
8.0,51.0,-0.081
8.0,52.0,-0.064
8.0,53.0,-0.062
8.0,54.0,-0.064
8.0,55.0,-0.087
8.0,56.0,-0.098
8.0,57.0,-0.088
8.0,58.0,-0.06
8.0,59.0,-0.046
8.0,60.0,-0.057
8.0,61.0,-0.072
8.0,62.0,-0.075
8.0,63.0,-0.066
8.0,64.0,-0.055
8.0,65.0,-0.055
9.0,0.0,-0.026
9.0,1.0,-0.024
9.0,2.0,-0.005
9.0,3.0,0.029
9.0,4.0,0.064
9.0,5.0,0.088
9.0,6.0,0.098
9.0,7.0,0.093
9.0,8.0,0.069
9.0,9.0,0.049
9.0,10.0,0.029
9.0,11.0,0.011
9.0,12.0,-0.007
9.0,13.0,-0.033
9.0,14.0,-0.045
9.0,15.0,-0.06
9.0,16.0,-0.073
9.0,17.0,-0.084
9.0,18.0,-0.088
9.0,19.0,-0.091
9.0,20.0,-0.094
9.0,21.0,-0.096
9.0,22.0,-0.098
9.0,23.0,-0.104
9.0,24.0,-0.104
9.0,25.0,-0.105
9.0,26.0,-0.106
9.0,27.0,-0.107
9.0,28.0,-0.108
9.0,29.0,-0.108
9.0,30.0,-0.109
9.0,31.0,-0.112
9.0,32.0,-0.101
9.0,33.0,-0.099
9.0,34.0,-0.101
9.0,35.0,-0.102
9.0,36.0,-0.103
9.0,37.0,-0.104
9.0,38.0,-0.105
9.0,39.0,-0.104
9.0,40.0,-0.102
9.0,41.0,-0.1
9.0,42.0,-0.101
9.0,43.0,-0.103
9.0,44.0,-0.104
9.0,45.0,-0.105
9.0,46.0,-0.102
9.0,47.0,-0.088
9.0,48.0,-0.085
9.0,49.0,-0.091
9.0,50.0,-0.091
9.0,51.0,-0.085
9.0,52.0,-0.074
9.0,53.0,-0.072
9.0,54.0,-0.074
9.0,55.0,-0.09
9.0,56.0,-0.102
9.0,57.0,-0.092
9.0,58.0,-0.07
9.0,59.0,-0.062
9.0,60.0,-0.066
9.0,61.0,-0.082
9.0,62.0,-0.084
9.0,63.0,-0.075
9.0,64.0,-0.071
9.0,65.0,-0.058
10.0,0.0,-0.038
10.0,1.0,-0.044
10.0,2.0,-0.025
10.0,3.0,0.024
10.0,4.0,0.06
10.0,5.0,0.091
10.0,6.0,0.101
10.0,7.0,0.083
10.0,8.0,0.072
10.0,9.0,0.046
10.0,10.0,0.026
10.0,11.0,0.008
10.0,12.0,-0.016
10.0,13.0,-0.029
10.0,14.0,-0.047
10.0,15.0,-0.068
10.0,16.0,-0.075
10.0,17.0,-0.087
10.0,18.0,-0.09
10.0,19.0,-0.094
10.0,20.0,-0.097
10.0,21.0,-0.099
10.0,22.0,-0.1
10.0,23.0,-0.101
10.0,24.0,-0.101
10.0,25.0,-0.101
10.0,26.0,-0.102
10.0,27.0,-0.103
10.0,28.0,-0.104
10.0,29.0,-0.105
10.0,30.0,-0.118
10.0,31.0,-0.12
10.0,32.0,-0.097
10.0,33.0,-0.096
10.0,34.0,-0.097
10.0,35.0,-0.099
10.0,36.0,-0.1
10.0,37.0,-0.112
10.0,38.0,-0.113
10.0,39.0,-0.112
10.0,40.0,-0.099
10.0,41.0,-0.097
10.0,42.0,-0.098
10.0,43.0,-0.099
10.0,44.0,-0.112
10.0,45.0,-0.112
10.0,46.0,-0.11
10.0,47.0,-0.085
10.0,48.0,-0.081
10.0,49.0,-0.087
10.0,50.0,-0.088
10.0,51.0,-0.081
10.0,52.0,-0.076
10.0,53.0,-0.075
10.0,54.0,-0.076
10.0,55.0,-0.087
10.0,56.0,-0.099
10.0,57.0,-0.089
10.0,58.0,-0.072
10.0,59.0,-0.064
10.0,60.0,-0.069
10.0,61.0,-0.078
10.0,62.0,-0.081
10.0,63.0,-0.078
10.0,64.0,-0.073
10.0,65.0,-0.067
11.0,0.0,-0.042
11.0,1.0,-0.055
11.0,2.0,-0.029
11.0,3.0,0.021
11.0,4.0,0.056
11.0,5.0,0.088
11.0,6.0,0.098
11.0,7.0,0.087
11.0,8.0,0.07
11.0,9.0,0.05
11.0,10.0,0.024
11.0,11.0,0.006
11.0,12.0,-0.011
11.0,13.0,-0.03
11.0,14.0,-0.049
11.0,15.0,-0.07
11.0,16.0,-0.077
11.0,17.0,-0.082
11.0,18.0,-0.086
11.0,19.0,-0.09
11.0,20.0,-0.093
11.0,21.0,-0.095
11.0,22.0,-0.096
11.0,23.0,-0.097
11.0,24.0,-0.097
11.0,25.0,-0.097
11.0,26.0,-0.098
11.0,27.0,-0.099
11.0,28.0,-0.112
11.0,29.0,-0.112
11.0,30.0,-0.114
11.0,31.0,-0.116
11.0,32.0,-0.105
11.0,33.0,-0.103
11.0,34.0,-0.105
11.0,35.0,-0.106
11.0,36.0,-0.107
11.0,37.0,-0.108
11.0,38.0,-0.109
11.0,39.0,-0.108
11.0,40.0,-0.106
11.0,41.0,-0.104
11.0,42.0,-0.105
11.0,43.0,-0.107
11.0,44.0,-0.108
11.0,45.0,-0.109
11.0,46.0,-0.106
11.0,47.0,-0.08
11.0,48.0,-0.077
11.0,49.0,-0.095
11.0,50.0,-0.096
11.0,51.0,-0.078
11.0,52.0,-0.072
11.0,53.0,-0.071
11.0,54.0,-0.072
11.0,55.0,-0.084
11.0,56.0,-0.107
11.0,57.0,-0.096
11.0,58.0,-0.068
11.0,59.0,-0.06
11.0,60.0,-0.065
11.0,61.0,-0.074
11.0,62.0,-0.088
11.0,63.0,-0.074
11.0,64.0,-0.069
11.0,65.0,-0.069
12.0,0.0,-0.05
12.0,1.0,-0.05
12.0,2.0,-0.037
12.0,3.0,0.019
12.0,4.0,0.062
12.0,5.0,0.086
12.0,6.0,0.097
12.0,7.0,0.086
12.0,8.0,0.069
12.0,9.0,0.043
12.0,10.0,0.03
12.0,11.0,0.006
12.0,12.0,-0.005
12.0,13.0,-0.024
12.0,14.0,-0.054
12.0,15.0,-0.064
12.0,16.0,-0.071
12.0,17.0,-0.077
12.0,18.0,-0.081
12.0,19.0,-0.084
12.0,20.0,-0.087
12.0,21.0,-0.101
12.0,22.0,-0.102
12.0,23.0,-0.102
12.0,24.0,-0.103
12.0,25.0,-0.103
12.0,26.0,-0.104
12.0,27.0,-0.105
12.0,28.0,-0.106
12.0,29.0,-0.107
12.0,30.0,-0.108
12.0,31.0,-0.111
12.0,32.0,-0.099
12.0,33.0,-0.098
12.0,34.0,-0.099
12.0,35.0,-0.101
12.0,36.0,-0.102
12.0,37.0,-0.103
12.0,38.0,-0.104
12.0,39.0,-0.103
12.0,40.0,-0.101
12.0,41.0,-0.099
12.0,42.0,-0.1
12.0,43.0,-0.102
12.0,44.0,-0.103
12.0,45.0,-0.104
12.0,46.0,-0.101
12.0,47.0,-0.086
12.0,48.0,-0.083
12.0,49.0,-0.089
12.0,50.0,-0.09
12.0,51.0,-0.083
12.0,52.0,-0.067
12.0,53.0,-0.065
12.0,54.0,-0.067
12.0,55.0,-0.09
12.0,56.0,-0.101
12.0,57.0,-0.091
12.0,58.0,-0.063
12.0,59.0,-0.054
12.0,60.0,-0.071
12.0,61.0,-0.08
12.0,62.0,-0.083
12.0,63.0,-0.08
12.0,64.0,-0.075
12.0,65.0,-0.063
13.0,0.0,-0.069
13.0,1.0,-0.069
13.0,2.0,-0.056
13.0,3.0,0.015
13.0,4.0,0.051
13.0,5.0,0.089
13.0,6.0,0.099
13.0,7.0,0.082
13.0,8.0,0.066
13.0,9.0,0.039
13.0,10.0,0.027
13.0,11.0,0.01
13.0,12.0,-0.013
13.0,13.0,-0.032
13.0,14.0,-0.045
13.0,15.0,-0.054
13.0,16.0,-0.073
13.0,17.0,-0.079
13.0,18.0,-0.083
13.0,19.0,-0.086
13.0,20.0,-0.089
13.0,21.0,-0.092
13.0,22.0,-0.093
13.0,23.0,-0.094
13.0,24.0,-0.094
13.0,25.0,-0.094
13.0,26.0,-0.095
13.0,27.0,-0.096
13.0,28.0,-0.098
13.0,29.0,-0.098
13.0,30.0,-0.1
13.0,31.0,-0.113
13.0,32.0,-0.091
13.0,33.0,-0.089
13.0,34.0,-0.091
13.0,35.0,-0.092
13.0,36.0,-0.093
13.0,37.0,-0.095
13.0,38.0,-0.106
13.0,39.0,-0.095
13.0,40.0,-0.093
13.0,41.0,-0.091
13.0,42.0,-0.092
13.0,43.0,-0.093
13.0,44.0,-0.095
13.0,45.0,-0.096
13.0,46.0,-0.093
13.0,47.0,-0.077
13.0,48.0,-0.074
13.0,49.0,-0.081
13.0,50.0,-0.082
13.0,51.0,-0.074
13.0,52.0,-0.069
13.0,53.0,-0.068
13.0,54.0,-0.069
13.0,55.0,-0.081
13.0,56.0,-0.104
13.0,57.0,-0.082
13.0,58.0,-0.065
13.0,59.0,-0.057
13.0,60.0,-0.062
13.0,61.0,-0.071
13.0,62.0,-0.073
13.0,63.0,-0.07
13.0,64.0,-0.066
13.0,65.0,-0.065
14.0,0.0,-0.058
14.0,1.0,-0.073
14.0,2.0,-0.046
14.0,3.0,0.01
14.0,4.0,0.045
14.0,5.0,0.077
14.0,6.0,0.094
14.0,7.0,0.084
14.0,8.0,0.061
14.0,9.0,0.049
14.0,10.0,0.03
14.0,11.0,0.001
14.0,12.0,-0.009
14.0,13.0,-0.022
14.0,14.0,-0.046
14.0,15.0,-0.056
14.0,16.0,-0.064
14.0,17.0,-0.07
14.0,18.0,-0.074
14.0,19.0,-0.077
14.0,20.0,-0.08
14.0,21.0,-0.083
14.0,22.0,-0.094
14.0,23.0,-0.095
14.0,24.0,-0.095
14.0,25.0,-0.096
14.0,26.0,-0.102
14.0,27.0,-0.103
14.0,28.0,-0.104
14.0,29.0,-0.105
14.0,30.0,-0.106
14.0,31.0,-0.109
14.0,32.0,-0.097
14.0,33.0,-0.09
14.0,34.0,-0.097
14.0,35.0,-0.099
14.0,36.0,-0.1
14.0,37.0,-0.101
14.0,38.0,-0.102
14.0,39.0,-0.096
14.0,40.0,-0.094
14.0,41.0,-0.092
14.0,42.0,-0.093
14.0,43.0,-0.095
14.0,44.0,-0.096
14.0,45.0,-0.097
14.0,46.0,-0.094
14.0,47.0,-0.068
14.0,48.0,-0.065
14.0,49.0,-0.082
14.0,50.0,-0.083
14.0,51.0,-0.066
14.0,52.0,-0.061
14.0,53.0,-0.059
14.0,54.0,-0.061
14.0,55.0,-0.082
14.0,56.0,-0.095
14.0,57.0,-0.084
14.0,58.0,-0.057
14.0,59.0,-0.048
14.0,60.0,-0.053
14.0,61.0,-0.062
14.0,62.0,-0.065
14.0,63.0,-0.061
14.0,64.0,-0.056
14.0,65.0,-0.056
15.0,0.0,-0.063
15.0,1.0,-0.064
15.0,2.0,-0.051
15.0,3.0,-0.01
15.0,4.0,0.046
15.0,5.0,0.085
15.0,6.0,0.095
15.0,7.0,0.079
15.0,8.0,0.07
15.0,9.0,0.051
15.0,10.0,0.019
15.0,11.0,0.01
15.0,12.0,-0.001
15.0,13.0,-0.026
15.0,14.0,-0.038
15.0,15.0,-0.048
15.0,16.0,-0.056
15.0,17.0,-0.072
15.0,18.0,-0.076
15.0,19.0,-0.079
15.0,20.0,-0.088
15.0,21.0,-0.09
15.0,22.0,-0.091
15.0,23.0,-0.092
15.0,24.0,-0.092
15.0,25.0,-0.092
15.0,26.0,-0.093
15.0,27.0,-0.094
15.0,28.0,-0.096
15.0,29.0,-0.096
15.0,30.0,-0.098
15.0,31.0,-0.1
15.0,32.0,-0.089
15.0,33.0,-0.087
15.0,34.0,-0.089
15.0,35.0,-0.091
15.0,36.0,-0.092
15.0,37.0,-0.093
15.0,38.0,-0.094
15.0,39.0,-0.093
15.0,40.0,-0.091
15.0,41.0,-0.089
15.0,42.0,-0.09
15.0,43.0,-0.092
15.0,44.0,-0.093
15.0,45.0,-0.094
15.0,46.0,-0.091
15.0,47.0,-0.07
15.0,48.0,-0.067
15.0,49.0,-0.074
15.0,50.0,-0.075
15.0,51.0,-0.068
15.0,52.0,-0.063
15.0,53.0,-0.061
15.0,54.0,-0.063
15.0,55.0,-0.074
15.0,56.0,-0.092
15.0,57.0,-0.076
15.0,58.0,-0.058
15.0,59.0,-0.039
15.0,60.0,-0.045
15.0,61.0,-0.064
15.0,62.0,-0.066
15.0,63.0,-0.063
15.0,64.0,-0.058
15.0,65.0,-0.058
16.0,0.0,-0.092
16.0,1.0,-0.092
16.0,2.0,-0.046
16.0,3.0,-0.005
16.0,4.0,0.038
16.0,5.0,0.076
16.0,6.0,0.086
16.0,7.0,0.084
16.0,8.0,0.062
16.0,9.0,0.037
16.0,10.0,0.025
16.0,11.0,0.015
16.0,12.0,-0.007
16.0,13.0,-0.02
16.0,14.0,-0.032
16.0,15.0,-0.042
16.0,16.0,-0.06
16.0,17.0,-0.071
16.0,18.0,-0.075
16.0,19.0,-0.078
16.0,20.0,-0.081
16.0,21.0,-0.083
16.0,22.0,-0.084
16.0,23.0,-0.085
16.0,24.0,-0.085
16.0,25.0,-0.086
16.0,26.0,-0.087
16.0,27.0,-0.088
16.0,28.0,-0.089
16.0,29.0,-0.089
16.0,30.0,-0.091
16.0,31.0,-0.094
16.0,32.0,-0.082
16.0,33.0,-0.08
16.0,34.0,-0.082
16.0,35.0,-0.084
16.0,36.0,-0.085
16.0,37.0,-0.086
16.0,38.0,-0.087
16.0,39.0,-0.086
16.0,40.0,-0.084
16.0,41.0,-0.082
16.0,42.0,-0.084
16.0,43.0,-0.085
16.0,44.0,-0.086
16.0,45.0,-0.087
16.0,46.0,-0.084
16.0,47.0,-0.068
16.0,48.0,-0.06
16.0,49.0,-0.072
16.0,50.0,-0.073
16.0,51.0,-0.061
16.0,52.0,-0.056
16.0,53.0,-0.054
16.0,54.0,-0.056
16.0,55.0,-0.073
16.0,56.0,-0.085
16.0,57.0,-0.074
16.0,58.0,-0.052
16.0,59.0,-0.033
16.0,60.0,-0.048
16.0,61.0,-0.058
16.0,62.0,-0.06
16.0,63.0,-0.057
16.0,64.0,-0.052
16.0,65.0,-0.052
17.0,0.0,-0.087
17.0,1.0,-0.101
17.0,2.0,-0.077
17.0,3.0,-0.002
17.0,4.0,0.027
17.0,5.0,0.078
17.0,6.0,0.089
17.0,7.0,0.08
17.0,8.0,0.058
17.0,9.0,0.04
17.0,10.0,0.029
17.0,11.0,0.007
17.0,12.0,-0.003
17.0,13.0,-0.016
17.0,14.0,-0.028
17.0,15.0,-0.048
17.0,16.0,-0.06
17.0,17.0,-0.066
17.0,18.0,-0.07
17.0,19.0,-0.073
17.0,20.0,-0.076
17.0,21.0,-0.078
17.0,22.0,-0.08
17.0,23.0,-0.08
17.0,24.0,-0.08
17.0,25.0,-0.081
17.0,26.0,-0.082
17.0,27.0,-0.083
17.0,28.0,-0.084
17.0,29.0,-0.085
17.0,30.0,-0.086
17.0,31.0,-0.094
17.0,32.0,-0.077
17.0,33.0,-0.075
17.0,34.0,-0.077
17.0,35.0,-0.079
17.0,36.0,-0.08
17.0,37.0,-0.081
17.0,38.0,-0.082
17.0,39.0,-0.082
17.0,40.0,-0.08
17.0,41.0,-0.077
17.0,42.0,-0.079
17.0,43.0,-0.08
17.0,44.0,-0.081
17.0,45.0,-0.082
17.0,46.0,-0.079
17.0,47.0,-0.063
17.0,48.0,-0.06
17.0,49.0,-0.067
17.0,50.0,-0.068
17.0,51.0,-0.061
17.0,52.0,-0.051
17.0,53.0,-0.049
17.0,54.0,-0.051
17.0,55.0,-0.068
17.0,56.0,-0.081
17.0,57.0,-0.069
17.0,58.0,-0.047
17.0,59.0,-0.038
17.0,60.0,-0.043
17.0,61.0,-0.053
17.0,62.0,-0.06
17.0,63.0,-0.052
17.0,64.0,-0.052
17.0,65.0,-0.052
18.0,0.0,-0.098
18.0,1.0,-0.098
18.0,2.0,-0.074
18.0,3.0,-0.015
18.0,4.0,0.028
18.0,5.0,0.066
18.0,6.0,0.084
18.0,7.0,0.068
18.0,8.0,0.053
18.0,9.0,0.042
18.0,10.0,0.031
18.0,11.0,0.009
18.0,12.0,-0.0
18.0,13.0,-0.013
18.0,14.0,-0.036
18.0,15.0,-0.05
18.0,16.0,-0.058
18.0,17.0,-0.063
18.0,18.0,-0.067
18.0,19.0,-0.07
18.0,20.0,-0.073
18.0,21.0,-0.075
18.0,22.0,-0.076
18.0,23.0,-0.077
18.0,24.0,-0.077
18.0,25.0,-0.077
18.0,26.0,-0.083
18.0,27.0,-0.084
18.0,28.0,-0.086
18.0,29.0,-0.086
18.0,30.0,-0.088
18.0,31.0,-0.091
18.0,32.0,-0.074
18.0,33.0,-0.072
18.0,34.0,-0.074
18.0,35.0,-0.076
18.0,36.0,-0.077
18.0,37.0,-0.078
18.0,38.0,-0.079
18.0,39.0,-0.078
18.0,40.0,-0.076
18.0,41.0,-0.074
18.0,42.0,-0.075
18.0,43.0,-0.077
18.0,44.0,-0.078
18.0,45.0,-0.079
18.0,46.0,-0.076
18.0,47.0,-0.06
18.0,48.0,-0.057
18.0,49.0,-0.063
18.0,50.0,-0.064
18.0,51.0,-0.057
18.0,52.0,-0.052
18.0,53.0,-0.046
18.0,54.0,-0.048
18.0,55.0,-0.064
18.0,56.0,-0.077
18.0,57.0,-0.066
18.0,58.0,-0.043
18.0,59.0,-0.034
18.0,60.0,-0.039
18.0,61.0,-0.049
18.0,62.0,-0.056
18.0,63.0,-0.053
18.0,64.0,-0.049
18.0,65.0,-0.049
19.0,0.0,-0.096
19.0,1.0,-0.096
19.0,2.0,-0.079
19.0,3.0,-0.014
19.0,4.0,0.028
19.0,5.0,0.053
19.0,6.0,0.078
19.0,7.0,0.062
19.0,8.0,0.054
19.0,9.0,0.043
19.0,10.0,0.02
19.0,11.0,0.011
19.0,12.0,0.001
19.0,13.0,-0.012
19.0,14.0,-0.039
19.0,15.0,-0.048
19.0,16.0,-0.055
19.0,17.0,-0.06
19.0,18.0,-0.064
19.0,19.0,-0.068
19.0,20.0,-0.07
19.0,21.0,-0.077
19.0,22.0,-0.078
19.0,23.0,-0.079
19.0,24.0,-0.079
19.0,25.0,-0.079
19.0,26.0,-0.081
19.0,27.0,-0.082
19.0,28.0,-0.083
19.0,29.0,-0.083
19.0,30.0,-0.085
19.0,31.0,-0.088
19.0,32.0,-0.071
19.0,33.0,-0.069
19.0,34.0,-0.071
19.0,35.0,-0.073
19.0,36.0,-0.074
19.0,37.0,-0.075
19.0,38.0,-0.076
19.0,39.0,-0.075
19.0,40.0,-0.073
19.0,41.0,-0.071
19.0,42.0,-0.072
19.0,43.0,-0.074
19.0,44.0,-0.075
19.0,45.0,-0.076
19.0,46.0,-0.073
19.0,47.0,-0.057
19.0,48.0,-0.054
19.0,49.0,-0.06
19.0,50.0,-0.061
19.0,51.0,-0.054
19.0,52.0,-0.049
19.0,53.0,-0.048
19.0,54.0,-0.05
19.0,55.0,-0.061
19.0,56.0,-0.074
19.0,57.0,-0.063
19.0,58.0,-0.04
19.0,59.0,-0.031
19.0,60.0,-0.036
19.0,61.0,-0.051
19.0,62.0,-0.054
19.0,63.0,-0.05
19.0,64.0,-0.046
19.0,65.0,-0.046
20.0,0.0,-0.094
20.0,1.0,-0.094
20.0,2.0,-0.085
20.0,3.0,-0.034
20.0,4.0,0.029
20.0,5.0,0.053
20.0,6.0,0.064
20.0,7.0,0.063
20.0,8.0,0.055
20.0,9.0,0.044
20.0,10.0,0.021
20.0,11.0,0.012
20.0,12.0,0.002
20.0,13.0,-0.027
20.0,14.0,-0.038
20.0,15.0,-0.046
20.0,16.0,-0.053
20.0,17.0,-0.059
20.0,18.0,-0.062
20.0,19.0,-0.066
20.0,20.0,-0.073
20.0,21.0,-0.075
20.0,22.0,-0.076
20.0,23.0,-0.077
20.0,24.0,-0.077
20.0,25.0,-0.077
20.0,26.0,-0.078
20.0,27.0,-0.079
20.0,28.0,-0.08
20.0,29.0,-0.081
20.0,30.0,-0.082
20.0,31.0,-0.085
20.0,32.0,-0.068
20.0,33.0,-0.067
20.0,34.0,-0.068
20.0,35.0,-0.07
20.0,36.0,-0.076
20.0,37.0,-0.073
20.0,38.0,-0.074
20.0,39.0,-0.073
20.0,40.0,-0.071
20.0,41.0,-0.068
20.0,42.0,-0.069
20.0,43.0,-0.071
20.0,44.0,-0.072
20.0,45.0,-0.073
20.0,46.0,-0.071
20.0,47.0,-0.055
20.0,48.0,-0.052
20.0,49.0,-0.058
20.0,50.0,-0.059
20.0,51.0,-0.052
20.0,52.0,-0.047
20.0,53.0,-0.045
20.0,54.0,-0.047
20.0,55.0,-0.059
20.0,56.0,-0.072
20.0,57.0,-0.06
20.0,58.0,-0.038
20.0,59.0,-0.029
20.0,60.0,-0.034
20.0,61.0,-0.049
20.0,62.0,-0.051
20.0,63.0,-0.048
20.0,64.0,-0.043
20.0,65.0,-0.044
21.0,0.0,-0.093
21.0,1.0,-0.093
21.0,2.0,-0.084
21.0,3.0,-0.048
21.0,4.0,0.015
21.0,5.0,0.053
21.0,6.0,0.064
21.0,7.0,0.063
21.0,8.0,0.055
21.0,9.0,0.031
21.0,10.0,0.021
21.0,11.0,0.012
21.0,12.0,0.003
21.0,13.0,-0.026
21.0,14.0,-0.037
21.0,15.0,-0.045
21.0,16.0,-0.052
21.0,17.0,-0.057
21.0,18.0,-0.061
21.0,19.0,-0.069
21.0,20.0,-0.072
21.0,21.0,-0.074
21.0,22.0,-0.075
21.0,23.0,-0.075
21.0,24.0,-0.075
21.0,25.0,-0.076
21.0,26.0,-0.077
21.0,27.0,-0.078
21.0,28.0,-0.079
21.0,29.0,-0.079
21.0,30.0,-0.081
21.0,31.0,-0.084
21.0,32.0,-0.071
21.0,33.0,-0.065
21.0,34.0,-0.067
21.0,35.0,-0.073
21.0,36.0,-0.074
21.0,37.0,-0.071
21.0,38.0,-0.072
21.0,39.0,-0.071
21.0,40.0,-0.069
21.0,41.0,-0.066
21.0,42.0,-0.068
21.0,43.0,-0.069
21.0,44.0,-0.07
21.0,45.0,-0.071
21.0,46.0,-0.069
21.0,47.0,-0.054
21.0,48.0,-0.05
21.0,49.0,-0.057
21.0,50.0,-0.057
21.0,51.0,-0.05
21.0,52.0,-0.045
21.0,53.0,-0.043
21.0,54.0,-0.045
21.0,55.0,-0.057
21.0,56.0,-0.071
21.0,57.0,-0.059
21.0,58.0,-0.036
21.0,59.0,-0.027
21.0,60.0,-0.032
21.0,61.0,-0.047
21.0,62.0,-0.05
21.0,63.0,-0.047
21.0,64.0,-0.042
21.0,65.0,-0.042
22.0,0.0,-0.093
22.0,1.0,-0.1
22.0,2.0,-0.084
22.0,3.0,-0.048
22.0,4.0,0.014
22.0,5.0,0.052
22.0,6.0,0.064
22.0,7.0,0.062
22.0,8.0,0.054
22.0,9.0,0.031
22.0,10.0,0.021
22.0,11.0,0.012
22.0,12.0,0.003
22.0,13.0,-0.026
22.0,14.0,-0.037
22.0,15.0,-0.045
22.0,16.0,-0.052
22.0,17.0,-0.057
22.0,18.0,-0.066
22.0,19.0,-0.069
22.0,20.0,-0.071
22.0,21.0,-0.073
22.0,22.0,-0.074
22.0,23.0,-0.075
22.0,24.0,-0.075
22.0,25.0,-0.075
22.0,26.0,-0.076
22.0,27.0,-0.077
22.0,28.0,-0.078
22.0,29.0,-0.078
22.0,30.0,-0.08
22.0,31.0,-0.083
22.0,32.0,-0.066
22.0,33.0,-0.064
22.0,34.0,-0.066
22.0,35.0,-0.068
22.0,36.0,-0.068
22.0,37.0,-0.07
22.0,38.0,-0.071
22.0,39.0,-0.07
22.0,40.0,-0.068
22.0,41.0,-0.065
22.0,42.0,-0.067
22.0,43.0,-0.068
22.0,44.0,-0.069
22.0,45.0,-0.071
22.0,46.0,-0.068
22.0,47.0,-0.053
22.0,48.0,-0.049
22.0,49.0,-0.056
22.0,50.0,-0.057
22.0,51.0,-0.049
22.0,52.0,-0.044
22.0,53.0,-0.042
22.0,54.0,-0.044
22.0,55.0,-0.057
22.0,56.0,-0.07
22.0,57.0,-0.058
22.0,58.0,-0.035
22.0,59.0,-0.026
22.0,60.0,-0.032
22.0,61.0,-0.047
22.0,62.0,-0.049
22.0,63.0,-0.046
22.0,64.0,-0.041
22.0,65.0,-0.042
23.0,0.0,-0.094
23.0,1.0,-0.094
23.0,2.0,-0.085
23.0,3.0,-0.049
23.0,4.0,0.013
23.0,5.0,0.051
23.0,6.0,0.063
23.0,7.0,0.061
23.0,8.0,0.053
23.0,9.0,0.03
23.0,10.0,0.02
23.0,11.0,0.011
23.0,12.0,0.002
23.0,13.0,-0.026
23.0,14.0,-0.037
23.0,15.0,-0.045
23.0,16.0,-0.052
23.0,17.0,-0.057
23.0,18.0,-0.066
23.0,19.0,-0.069
23.0,20.0,-0.071
23.0,21.0,-0.073
23.0,22.0,-0.074
23.0,23.0,-0.075
23.0,24.0,-0.075
23.0,25.0,-0.075
23.0,26.0,-0.076
23.0,27.0,-0.077
23.0,28.0,-0.078
23.0,29.0,-0.078
23.0,30.0,-0.08
23.0,31.0,-0.083
23.0,32.0,-0.066
23.0,33.0,-0.064
23.0,34.0,-0.065
23.0,35.0,-0.067
23.0,36.0,-0.068
23.0,37.0,-0.069
23.0,38.0,-0.07
23.0,39.0,-0.069
23.0,40.0,-0.067
23.0,41.0,-0.065
23.0,42.0,-0.066
23.0,43.0,-0.068
23.0,44.0,-0.069
23.0,45.0,-0.07
23.0,46.0,-0.068
23.0,47.0,-0.053
23.0,48.0,-0.049
23.0,49.0,-0.056
23.0,50.0,-0.056
23.0,51.0,-0.049
23.0,52.0,-0.044
23.0,53.0,-0.042
23.0,54.0,-0.044
23.0,55.0,-0.056
23.0,56.0,-0.07
23.0,57.0,-0.058
23.0,58.0,-0.035
23.0,59.0,-0.026
23.0,60.0,-0.031
23.0,61.0,-0.047
23.0,62.0,-0.049
23.0,63.0,-0.046
23.0,64.0,-0.042
23.0,65.0,-0.042
24.0,0.0,-0.095
24.0,1.0,-0.096
24.0,2.0,-0.087
24.0,3.0,-0.051
24.0,4.0,0.012
24.0,5.0,0.049
24.0,6.0,0.061
24.0,7.0,0.059
24.0,8.0,0.052
24.0,9.0,0.029
24.0,10.0,0.018
24.0,11.0,0.01
24.0,12.0,-0.011
24.0,13.0,-0.028
24.0,14.0,-0.038
24.0,15.0,-0.046
24.0,16.0,-0.053
24.0,17.0,-0.058
24.0,18.0,-0.062
24.0,19.0,-0.07
24.0,20.0,-0.072
24.0,21.0,-0.074
24.0,22.0,-0.075
24.0,23.0,-0.076
24.0,24.0,-0.075
24.0,25.0,-0.076
24.0,26.0,-0.077
24.0,27.0,-0.077
24.0,28.0,-0.078
24.0,29.0,-0.079
24.0,30.0,-0.081
24.0,31.0,-0.084
24.0,32.0,-0.066
24.0,33.0,-0.064
24.0,34.0,-0.066
24.0,35.0,-0.068
24.0,36.0,-0.069
24.0,37.0,-0.07
24.0,38.0,-0.071
24.0,39.0,-0.07
24.0,40.0,-0.068
24.0,41.0,-0.065
24.0,42.0,-0.067
24.0,43.0,-0.068
24.0,44.0,-0.07
24.0,45.0,-0.071
24.0,46.0,-0.068
24.0,47.0,-0.054
24.0,48.0,-0.05
24.0,49.0,-0.056
24.0,50.0,-0.057
24.0,51.0,-0.049
24.0,52.0,-0.044
24.0,53.0,-0.038
24.0,54.0,-0.04
24.0,55.0,-0.057
24.0,56.0,-0.07
24.0,57.0,-0.058
24.0,58.0,-0.036
24.0,59.0,-0.027
24.0,60.0,-0.032
24.0,61.0,-0.047
24.0,62.0,-0.05
24.0,63.0,-0.042
24.0,64.0,-0.043
24.0,65.0,-0.043
25.0,0.0,-0.097
25.0,1.0,-0.097
25.0,2.0,-0.088
25.0,3.0,-0.052
25.0,4.0,0.01
25.0,5.0,0.048
25.0,6.0,0.06
25.0,7.0,0.058
25.0,8.0,0.05
25.0,9.0,0.027
25.0,10.0,0.017
25.0,11.0,0.009
25.0,12.0,-0.012
25.0,13.0,-0.029
25.0,14.0,-0.039
25.0,15.0,-0.047
25.0,16.0,-0.054
25.0,17.0,-0.059
25.0,18.0,-0.062
25.0,19.0,-0.066
25.0,20.0,-0.073
25.0,21.0,-0.075
25.0,22.0,-0.076
25.0,23.0,-0.076
25.0,24.0,-0.076
25.0,25.0,-0.076
25.0,26.0,-0.077
25.0,27.0,-0.078
25.0,28.0,-0.079
25.0,29.0,-0.079
25.0,30.0,-0.081
25.0,31.0,-0.084
25.0,32.0,-0.067
25.0,33.0,-0.065
25.0,34.0,-0.066
25.0,35.0,-0.068
25.0,36.0,-0.069
25.0,37.0,-0.07
25.0,38.0,-0.071
25.0,39.0,-0.07
25.0,40.0,-0.068
25.0,41.0,-0.065
25.0,42.0,-0.067
25.0,43.0,-0.068
25.0,44.0,-0.07
25.0,45.0,-0.071
25.0,46.0,-0.069
25.0,47.0,-0.054
25.0,48.0,-0.05
25.0,49.0,-0.057
25.0,50.0,-0.057
25.0,51.0,-0.05
25.0,52.0,-0.04
25.0,53.0,-0.038
25.0,54.0,-0.04
25.0,55.0,-0.057
25.0,56.0,-0.071
25.0,57.0,-0.059
25.0,58.0,-0.036
25.0,59.0,-0.027
25.0,60.0,-0.032
25.0,61.0,-0.048
25.0,62.0,-0.051
25.0,63.0,-0.048
25.0,64.0,-0.043
25.0,65.0,-0.044
26.0,0.0,-0.097
26.0,1.0,-0.097
26.0,2.0,-0.088
26.0,3.0,-0.053
26.0,4.0,0.01
26.0,5.0,0.048
26.0,6.0,0.059
26.0,7.0,0.057
26.0,8.0,0.05
26.0,9.0,0.027
26.0,10.0,0.017
26.0,11.0,0.008
26.0,12.0,-0.012
26.0,13.0,-0.029
26.0,14.0,-0.04
26.0,15.0,-0.048
26.0,16.0,-0.054
26.0,17.0,-0.059
26.0,18.0,-0.063
26.0,19.0,-0.066
26.0,20.0,-0.073
26.0,21.0,-0.075
26.0,22.0,-0.076
26.0,23.0,-0.076
26.0,24.0,-0.076
26.0,25.0,-0.076
26.0,26.0,-0.077
26.0,27.0,-0.078
26.0,28.0,-0.079
26.0,29.0,-0.079
26.0,30.0,-0.076
26.0,31.0,-0.084
26.0,32.0,-0.067
26.0,33.0,-0.064
26.0,34.0,-0.066
26.0,35.0,-0.068
26.0,36.0,-0.069
26.0,37.0,-0.07
26.0,38.0,-0.071
26.0,39.0,-0.07
26.0,40.0,-0.067
26.0,41.0,-0.065
26.0,42.0,-0.067
26.0,43.0,-0.068
26.0,44.0,-0.07
26.0,45.0,-0.07
26.0,46.0,-0.068
26.0,47.0,-0.054
26.0,48.0,-0.05
26.0,49.0,-0.056
26.0,50.0,-0.057
26.0,51.0,-0.05
26.0,52.0,-0.044
26.0,53.0,-0.038
26.0,54.0,-0.04
26.0,55.0,-0.057
26.0,56.0,-0.071
26.0,57.0,-0.058
26.0,58.0,-0.036
26.0,59.0,-0.027
26.0,60.0,-0.032
26.0,61.0,-0.048
26.0,62.0,-0.051
26.0,63.0,-0.043
26.0,64.0,-0.043
26.0,65.0,-0.044
27.0,0.0,-0.096
27.0,1.0,-0.096
27.0,2.0,-0.087
27.0,3.0,-0.052
27.0,4.0,0.01
27.0,5.0,0.048
27.0,6.0,0.059
27.0,7.0,0.058
27.0,8.0,0.037
27.0,9.0,0.027
27.0,10.0,0.017
27.0,11.0,0.009
27.0,12.0,-0.012
27.0,13.0,-0.028
27.0,14.0,-0.039
27.0,15.0,-0.047
27.0,16.0,-0.054
27.0,17.0,-0.059
27.0,18.0,-0.062
27.0,19.0,-0.065
27.0,20.0,-0.072
27.0,21.0,-0.074
27.0,22.0,-0.075
27.0,23.0,-0.075
27.0,24.0,-0.075
27.0,25.0,-0.075
27.0,26.0,-0.076
27.0,27.0,-0.077
27.0,28.0,-0.078
27.0,29.0,-0.073
27.0,30.0,-0.075
27.0,31.0,-0.083
27.0,32.0,-0.065
27.0,33.0,-0.063
27.0,34.0,-0.065
27.0,35.0,-0.067
27.0,36.0,-0.067
27.0,37.0,-0.069
27.0,38.0,-0.07
27.0,39.0,-0.068
27.0,40.0,-0.066
27.0,41.0,-0.064
27.0,42.0,-0.065
27.0,43.0,-0.067
27.0,44.0,-0.068
27.0,45.0,-0.069
27.0,46.0,-0.067
27.0,47.0,-0.053
27.0,48.0,-0.049
27.0,49.0,-0.055
27.0,50.0,-0.056
27.0,51.0,-0.048
27.0,52.0,-0.043
27.0,53.0,-0.036
27.0,54.0,-0.038
27.0,55.0,-0.056
27.0,56.0,-0.07
27.0,57.0,-0.057
27.0,58.0,-0.035
27.0,59.0,-0.026
27.0,60.0,-0.031
27.0,61.0,-0.047
27.0,62.0,-0.05
27.0,63.0,-0.042
27.0,64.0,-0.042
27.0,65.0,-0.043
28.0,0.0,-0.094
28.0,1.0,-0.1
28.0,2.0,-0.085
28.0,3.0,-0.049
28.0,4.0,0.013
28.0,5.0,0.05
28.0,6.0,0.061
28.0,7.0,0.06
28.0,8.0,0.039
28.0,9.0,0.029
28.0,10.0,0.019
28.0,11.0,0.011
28.0,12.0,-0.009
28.0,13.0,-0.026
28.0,14.0,-0.037
28.0,15.0,-0.045
28.0,16.0,-0.051
28.0,17.0,-0.056
28.0,18.0,-0.06
28.0,19.0,-0.063
28.0,20.0,-0.07
28.0,21.0,-0.072
28.0,22.0,-0.073
28.0,23.0,-0.073
28.0,24.0,-0.073
28.0,25.0,-0.073
28.0,26.0,-0.074
28.0,27.0,-0.074
28.0,28.0,-0.075
28.0,29.0,-0.075
28.0,30.0,-0.077
28.0,31.0,-0.08
28.0,32.0,-0.063
28.0,33.0,-0.061
28.0,34.0,-0.062
28.0,35.0,-0.064
28.0,36.0,-0.065
28.0,37.0,-0.066
28.0,38.0,-0.067
28.0,39.0,-0.066
28.0,40.0,-0.064
28.0,41.0,-0.061
28.0,42.0,-0.063
28.0,43.0,-0.064
28.0,44.0,-0.066
28.0,45.0,-0.067
28.0,46.0,-0.065
28.0,47.0,-0.051
28.0,48.0,-0.047
28.0,49.0,-0.053
28.0,50.0,-0.053
28.0,51.0,-0.046
28.0,52.0,-0.04
28.0,53.0,-0.039
28.0,54.0,-0.041
28.0,55.0,-0.053
28.0,56.0,-0.067
28.0,57.0,-0.055
28.0,58.0,-0.032
28.0,59.0,-0.023
28.0,60.0,-0.029
28.0,61.0,-0.044
28.0,62.0,-0.047
28.0,63.0,-0.044
28.0,64.0,-0.04
28.0,65.0,-0.04
29.0,0.0,-0.098
29.0,1.0,-0.098
29.0,2.0,-0.083
29.0,3.0,-0.048
29.0,4.0,0.014
29.0,5.0,0.052
29.0,6.0,0.063
29.0,7.0,0.061
29.0,8.0,0.04
29.0,9.0,0.031
29.0,10.0,0.021
29.0,11.0,0.012
29.0,12.0,-0.014
29.0,13.0,-0.024
29.0,14.0,-0.035
29.0,15.0,-0.043
29.0,16.0,-0.05
29.0,17.0,-0.055
29.0,18.0,-0.058
29.0,19.0,-0.066
29.0,20.0,-0.068
29.0,21.0,-0.07
29.0,22.0,-0.071
29.0,23.0,-0.071
29.0,24.0,-0.071
29.0,25.0,-0.071
29.0,26.0,-0.072
29.0,27.0,-0.072
29.0,28.0,-0.073
29.0,29.0,-0.073
29.0,30.0,-0.075
29.0,31.0,-0.079
29.0,32.0,-0.061
29.0,33.0,-0.059
29.0,34.0,-0.06
29.0,35.0,-0.062
29.0,36.0,-0.063
29.0,37.0,-0.064
29.0,38.0,-0.065
29.0,39.0,-0.064
29.0,40.0,-0.062
29.0,41.0,-0.06
29.0,42.0,-0.061
29.0,43.0,-0.063
29.0,44.0,-0.064
29.0,45.0,-0.065
29.0,46.0,-0.063
29.0,47.0,-0.049
29.0,48.0,-0.045
29.0,49.0,-0.051
29.0,50.0,-0.051
29.0,51.0,-0.044
29.0,52.0,-0.039
29.0,53.0,-0.037
29.0,54.0,-0.039
29.0,55.0,-0.052
29.0,56.0,-0.065
29.0,57.0,-0.053
29.0,58.0,-0.03
29.0,59.0,-0.021
29.0,60.0,-0.027
29.0,61.0,-0.042
29.0,62.0,-0.045
29.0,63.0,-0.042
29.0,64.0,-0.038
29.0,65.0,-0.038
30.0,0.0,-0.094
30.0,1.0,-0.095
30.0,2.0,-0.086
30.0,3.0,-0.051
30.0,4.0,0.017
30.0,5.0,0.041
30.0,6.0,0.065
30.0,7.0,0.064
30.0,8.0,0.043
30.0,9.0,0.033
30.0,10.0,0.023
30.0,11.0,0.003
30.0,12.0,-0.011
30.0,13.0,-0.022
30.0,14.0,-0.032
30.0,15.0,-0.04
30.0,16.0,-0.047
30.0,17.0,-0.052
30.0,18.0,-0.06
30.0,19.0,-0.063
30.0,20.0,-0.066
30.0,21.0,-0.067
30.0,22.0,-0.068
30.0,23.0,-0.068
30.0,24.0,-0.068
30.0,25.0,-0.068
30.0,26.0,-0.069
30.0,27.0,-0.069
30.0,28.0,-0.07
30.0,29.0,-0.071
30.0,30.0,-0.072
30.0,31.0,-0.075
30.0,32.0,-0.058
30.0,33.0,-0.056
30.0,34.0,-0.058
30.0,35.0,-0.059
30.0,36.0,-0.06
30.0,37.0,-0.061
30.0,38.0,-0.062
30.0,39.0,-0.061
30.0,40.0,-0.059
30.0,41.0,-0.057
30.0,42.0,-0.058
30.0,43.0,-0.06
30.0,44.0,-0.061
30.0,45.0,-0.062
30.0,46.0,-0.06
30.0,47.0,-0.045
30.0,48.0,-0.042
30.0,49.0,-0.048
30.0,50.0,-0.048
30.0,51.0,-0.041
30.0,52.0,-0.035
30.0,53.0,-0.034
30.0,54.0,-0.036
30.0,55.0,-0.048
30.0,56.0,-0.062
30.0,57.0,-0.05
30.0,58.0,-0.027
30.0,59.0,-0.018
30.0,60.0,-0.023
30.0,61.0,-0.039
30.0,62.0,-0.042
30.0,63.0,-0.039
30.0,64.0,-0.034
30.0,65.0,-0.035
31.0,0.0,-0.087
31.0,1.0,-0.094
31.0,2.0,-0.078
31.0,3.0,-0.043
31.0,4.0,0.024
31.0,5.0,0.047
31.0,6.0,0.057
31.0,7.0,0.056
31.0,8.0,0.049
31.0,9.0,0.039
31.0,10.0,0.017
31.0,11.0,0.003
31.0,12.0,-0.005
31.0,13.0,-0.016
31.0,14.0,-0.027
31.0,15.0,-0.035
31.0,16.0,-0.042
31.0,17.0,-0.051
31.0,18.0,-0.055
31.0,19.0,-0.058
31.0,20.0,-0.061
31.0,21.0,-0.062
31.0,22.0,-0.063
31.0,23.0,-0.064
31.0,24.0,-0.063
31.0,25.0,-0.063
31.0,26.0,-0.064
31.0,27.0,-0.065
31.0,28.0,-0.066
31.0,29.0,-0.066
31.0,30.0,-0.067
31.0,31.0,-0.07
31.0,32.0,-0.058
31.0,33.0,-0.051
31.0,34.0,-0.053
31.0,35.0,-0.055
31.0,36.0,-0.056
31.0,37.0,-0.057
31.0,38.0,-0.058
31.0,39.0,-0.057
31.0,40.0,-0.055
31.0,41.0,-0.052
31.0,42.0,-0.054
31.0,43.0,-0.055
31.0,44.0,-0.057
31.0,45.0,-0.057
31.0,46.0,-0.054
31.0,47.0,-0.038
31.0,48.0,-0.035
31.0,49.0,-0.042
31.0,50.0,-0.043
31.0,51.0,-0.035
31.0,52.0,-0.03
31.0,53.0,-0.028
31.0,54.0,-0.03
31.0,55.0,-0.043
31.0,56.0,-0.056
31.0,57.0,-0.044
31.0,58.0,-0.021
31.0,59.0,-0.012
31.0,60.0,-0.017
31.0,61.0,-0.032
31.0,62.0,-0.035
31.0,63.0,-0.031
31.0,64.0,-0.026
31.0,65.0,-0.026
32.0,0.0,-0.101
32.0,1.0,-0.102
32.0,2.0,-0.086
32.0,3.0,-0.05
32.0,4.0,0.013
32.0,5.0,0.05
32.0,6.0,0.06
32.0,7.0,0.058
32.0,8.0,0.038
32.0,9.0,0.028
32.0,10.0,0.018
32.0,11.0,0.009
32.0,12.0,-0.017
32.0,13.0,-0.027
32.0,14.0,-0.038
32.0,15.0,-0.046
32.0,16.0,-0.053
32.0,17.0,-0.057
32.0,18.0,-0.061
32.0,19.0,-0.064
32.0,20.0,-0.071
32.0,21.0,-0.073
32.0,22.0,-0.074
32.0,23.0,-0.074
32.0,24.0,-0.074
32.0,25.0,-0.074
32.0,26.0,-0.075
32.0,27.0,-0.075
32.0,28.0,-0.076
32.0,29.0,-0.077
32.0,30.0,-0.078
32.0,31.0,-0.081
32.0,32.0,-0.064
32.0,33.0,-0.062
32.0,34.0,-0.063
32.0,35.0,-0.065
32.0,36.0,-0.066
32.0,37.0,-0.067
32.0,38.0,-0.068
32.0,39.0,-0.067
32.0,40.0,-0.065
32.0,41.0,-0.062
32.0,42.0,-0.064
32.0,43.0,-0.066
32.0,44.0,-0.067
32.0,45.0,-0.068
32.0,46.0,-0.065
32.0,47.0,-0.049
32.0,48.0,-0.046
32.0,49.0,-0.053
32.0,50.0,-0.053
32.0,51.0,-0.046
32.0,52.0,-0.04
32.0,53.0,-0.034
32.0,54.0,-0.036
32.0,55.0,-0.054
32.0,56.0,-0.067
32.0,57.0,-0.055
32.0,58.0,-0.032
32.0,59.0,-0.022
32.0,60.0,-0.028
32.0,61.0,-0.039
32.0,62.0,-0.041
32.0,63.0,-0.038
32.0,64.0,-0.038
32.0,65.0,-0.038
33.0,0.0,-0.103
33.0,1.0,-0.104
33.0,2.0,-0.088
33.0,3.0,-0.052
33.0,4.0,0.011
33.0,5.0,0.048
33.0,6.0,0.058
33.0,7.0,0.057
33.0,8.0,0.049
33.0,9.0,0.026
33.0,10.0,0.016
33.0,11.0,0.008
33.0,12.0,-0.018
33.0,13.0,-0.029
33.0,14.0,-0.04
33.0,15.0,-0.047
33.0,16.0,-0.054
33.0,17.0,-0.059
33.0,18.0,-0.062
33.0,19.0,-0.065
33.0,20.0,-0.073
33.0,21.0,-0.074
33.0,22.0,-0.075
33.0,23.0,-0.075
33.0,24.0,-0.075
33.0,25.0,-0.075
33.0,26.0,-0.076
33.0,27.0,-0.076
33.0,28.0,-0.077
33.0,29.0,-0.078
33.0,30.0,-0.079
33.0,31.0,-0.082
33.0,32.0,-0.065
33.0,33.0,-0.063
33.0,34.0,-0.064
33.0,35.0,-0.066
33.0,36.0,-0.067
33.0,37.0,-0.068
33.0,38.0,-0.069
33.0,39.0,-0.068
33.0,40.0,-0.066
33.0,41.0,-0.063
33.0,42.0,-0.065
33.0,43.0,-0.066
33.0,44.0,-0.068
33.0,45.0,-0.068
33.0,46.0,-0.066
33.0,47.0,-0.051
33.0,48.0,-0.047
33.0,49.0,-0.054
33.0,50.0,-0.054
33.0,51.0,-0.047
33.0,52.0,-0.041
33.0,53.0,-0.035
33.0,54.0,-0.042
33.0,55.0,-0.055
33.0,56.0,-0.068
33.0,57.0,-0.056
33.0,58.0,-0.033
33.0,59.0,-0.024
33.0,60.0,-0.029
33.0,61.0,-0.04
33.0,62.0,-0.048
33.0,63.0,-0.04
33.0,64.0,-0.04
33.0,65.0,-0.04
34.0,0.0,-0.101
34.0,1.0,-0.102
34.0,2.0,-0.093
34.0,3.0,-0.051
34.0,4.0,0.012
34.0,5.0,0.049
34.0,6.0,0.06
34.0,7.0,0.058
34.0,8.0,0.037
34.0,9.0,0.027
34.0,10.0,0.017
34.0,11.0,-0.003
34.0,12.0,-0.017
34.0,13.0,-0.027
34.0,14.0,-0.038
34.0,15.0,-0.046
34.0,16.0,-0.052
34.0,17.0,-0.057
34.0,18.0,-0.061
34.0,19.0,-0.068
34.0,20.0,-0.071
34.0,21.0,-0.073
34.0,22.0,-0.073
34.0,23.0,-0.073
34.0,24.0,-0.073
34.0,25.0,-0.073
34.0,26.0,-0.074
34.0,27.0,-0.074
34.0,28.0,-0.075
34.0,29.0,-0.076
34.0,30.0,-0.077
34.0,31.0,-0.08
34.0,32.0,-0.063
34.0,33.0,-0.061
34.0,34.0,-0.062
34.0,35.0,-0.064
34.0,36.0,-0.065
34.0,37.0,-0.066
34.0,38.0,-0.067
34.0,39.0,-0.066
34.0,40.0,-0.064
34.0,41.0,-0.061
34.0,42.0,-0.062
34.0,43.0,-0.064
34.0,44.0,-0.065
34.0,45.0,-0.066
34.0,46.0,-0.064
34.0,47.0,-0.05
34.0,48.0,-0.046
34.0,49.0,-0.052
34.0,50.0,-0.053
34.0,51.0,-0.045
34.0,52.0,-0.039
34.0,53.0,-0.033
34.0,54.0,-0.04
34.0,55.0,-0.053
34.0,56.0,-0.066
34.0,57.0,-0.054
34.0,58.0,-0.031
34.0,59.0,-0.022
34.0,60.0,-0.028
34.0,61.0,-0.038
34.0,62.0,-0.046
34.0,63.0,-0.038
34.0,64.0,-0.038
34.0,65.0,-0.039
35.0,0.0,-0.099
35.0,1.0,-0.106
35.0,2.0,-0.091
35.0,3.0,-0.063
35.0,4.0,0.013
35.0,5.0,0.037
35.0,6.0,0.061
35.0,7.0,0.046
35.0,8.0,0.039
35.0,9.0,0.029
35.0,10.0,0.019
35.0,11.0,-0.007
35.0,12.0,-0.015
35.0,13.0,-0.026
35.0,14.0,-0.036
35.0,15.0,-0.044
35.0,16.0,-0.051
35.0,17.0,-0.056
35.0,18.0,-0.059
35.0,19.0,-0.066
35.0,20.0,-0.069
35.0,21.0,-0.07
35.0,22.0,-0.071
35.0,23.0,-0.071
35.0,24.0,-0.071
35.0,25.0,-0.071
35.0,26.0,-0.071
35.0,27.0,-0.072
35.0,28.0,-0.073
35.0,29.0,-0.073
35.0,30.0,-0.075
35.0,31.0,-0.078
35.0,32.0,-0.061
35.0,33.0,-0.058
35.0,34.0,-0.06
35.0,35.0,-0.062
35.0,36.0,-0.063
35.0,37.0,-0.064
35.0,38.0,-0.064
35.0,39.0,-0.063
35.0,40.0,-0.061
35.0,41.0,-0.059
35.0,42.0,-0.06
35.0,43.0,-0.062
35.0,44.0,-0.063
35.0,45.0,-0.064
35.0,46.0,-0.062
35.0,47.0,-0.048
35.0,48.0,-0.044
35.0,49.0,-0.05
35.0,50.0,-0.05
35.0,51.0,-0.043
35.0,52.0,-0.037
35.0,53.0,-0.031
35.0,54.0,-0.038
35.0,55.0,-0.05
35.0,56.0,-0.064
35.0,57.0,-0.052
35.0,58.0,-0.029
35.0,59.0,-0.02
35.0,60.0,-0.026
35.0,61.0,-0.036
35.0,62.0,-0.044
35.0,63.0,-0.036
35.0,64.0,-0.037
35.0,65.0,-0.037
36.0,0.0,-0.098
36.0,1.0,-0.111
36.0,2.0,-0.09
36.0,3.0,-0.061
36.0,4.0,0.014
36.0,5.0,0.038
36.0,6.0,0.062
36.0,7.0,0.047
36.0,8.0,0.04
36.0,9.0,0.03
36.0,10.0,0.02
36.0,11.0,-0.006
36.0,12.0,-0.014
36.0,13.0,-0.024
36.0,14.0,-0.035
36.0,15.0,-0.043
36.0,16.0,-0.049
36.0,17.0,-0.054
36.0,18.0,-0.062
36.0,19.0,-0.065
36.0,20.0,-0.067
36.0,21.0,-0.069
36.0,22.0,-0.07
36.0,23.0,-0.07
36.0,24.0,-0.07
36.0,25.0,-0.07
36.0,26.0,-0.07
36.0,27.0,-0.071
36.0,28.0,-0.072
36.0,29.0,-0.072
36.0,30.0,-0.073
36.0,31.0,-0.077
36.0,32.0,-0.059
36.0,33.0,-0.057
36.0,34.0,-0.058
36.0,35.0,-0.06
36.0,36.0,-0.061
36.0,37.0,-0.062
36.0,38.0,-0.063
36.0,39.0,-0.062
36.0,40.0,-0.06
36.0,41.0,-0.057
36.0,42.0,-0.059
36.0,43.0,-0.06
36.0,44.0,-0.061
36.0,45.0,-0.063
36.0,46.0,-0.061
36.0,47.0,-0.047
36.0,48.0,-0.043
36.0,49.0,-0.049
36.0,50.0,-0.049
36.0,51.0,-0.041
36.0,52.0,-0.036
36.0,53.0,-0.029
36.0,54.0,-0.031
36.0,55.0,-0.049
36.0,56.0,-0.063
36.0,57.0,-0.05
36.0,58.0,-0.027
36.0,59.0,-0.018
36.0,60.0,-0.024
36.0,61.0,-0.035
36.0,62.0,-0.043
36.0,63.0,-0.035
36.0,64.0,-0.035
36.0,65.0,-0.036
37.0,0.0,-0.102
37.0,1.0,-0.109
37.0,2.0,-0.088
37.0,3.0,-0.06
37.0,4.0,-0.005
37.0,5.0,0.039
37.0,6.0,0.05
37.0,7.0,0.048
37.0,8.0,0.041
37.0,9.0,0.031
37.0,10.0,0.021
37.0,11.0,-0.005
37.0,12.0,-0.012
37.0,13.0,-0.023
37.0,14.0,-0.033
37.0,15.0,-0.041
37.0,16.0,-0.048
37.0,17.0,-0.053
37.0,18.0,-0.061
37.0,19.0,-0.063
37.0,20.0,-0.066
37.0,21.0,-0.067
37.0,22.0,-0.068
37.0,23.0,-0.068
37.0,24.0,-0.068
37.0,25.0,-0.068
37.0,26.0,-0.068
37.0,27.0,-0.069
37.0,28.0,-0.07
37.0,29.0,-0.07
37.0,30.0,-0.071
37.0,31.0,-0.075
37.0,32.0,-0.057
37.0,33.0,-0.055
37.0,34.0,-0.057
37.0,35.0,-0.058
37.0,36.0,-0.059
37.0,37.0,-0.06
37.0,38.0,-0.061
37.0,39.0,-0.06
37.0,40.0,-0.058
37.0,41.0,-0.055
37.0,42.0,-0.057
37.0,43.0,-0.058
37.0,44.0,-0.06
37.0,45.0,-0.061
37.0,46.0,-0.059
37.0,47.0,-0.045
37.0,48.0,-0.041
37.0,49.0,-0.047
37.0,50.0,-0.047
37.0,51.0,-0.039
37.0,52.0,-0.029
37.0,53.0,-0.027
37.0,54.0,-0.029
37.0,55.0,-0.047
37.0,56.0,-0.061
37.0,57.0,-0.049
37.0,58.0,-0.025
37.0,59.0,-0.016
37.0,60.0,-0.022
37.0,61.0,-0.033
37.0,62.0,-0.041
37.0,63.0,-0.033
37.0,64.0,-0.034
37.0,65.0,-0.034
38.0,0.0,-0.107
38.0,1.0,-0.107
38.0,2.0,-0.092
38.0,3.0,-0.058
38.0,4.0,-0.01
38.0,5.0,0.041
38.0,6.0,0.051
38.0,7.0,0.05
38.0,8.0,0.042
38.0,9.0,0.033
38.0,10.0,0.011
38.0,11.0,-0.003
38.0,12.0,-0.011
38.0,13.0,-0.022
38.0,14.0,-0.032
38.0,15.0,-0.04
38.0,16.0,-0.046
38.0,17.0,-0.051
38.0,18.0,-0.059
38.0,19.0,-0.062
38.0,20.0,-0.064
38.0,21.0,-0.066
38.0,22.0,-0.067
38.0,23.0,-0.067
38.0,24.0,-0.066
38.0,25.0,-0.066
38.0,26.0,-0.067
38.0,27.0,-0.067
38.0,28.0,-0.068
38.0,29.0,-0.068
38.0,30.0,-0.07
38.0,31.0,-0.074
38.0,32.0,-0.06
38.0,33.0,-0.054
38.0,34.0,-0.055
38.0,35.0,-0.057
38.0,36.0,-0.057
38.0,37.0,-0.059
38.0,38.0,-0.06
38.0,39.0,-0.058
38.0,40.0,-0.056
38.0,41.0,-0.054
38.0,42.0,-0.055
38.0,43.0,-0.057
38.0,44.0,-0.058
38.0,45.0,-0.059
38.0,46.0,-0.058
38.0,47.0,-0.043
38.0,48.0,-0.039
38.0,49.0,-0.045
38.0,50.0,-0.046
38.0,51.0,-0.038
38.0,52.0,-0.028
38.0,53.0,-0.026
38.0,54.0,-0.028
38.0,55.0,-0.045
38.0,56.0,-0.06
38.0,57.0,-0.047
38.0,58.0,-0.024
38.0,59.0,-0.015
38.0,60.0,-0.021
38.0,61.0,-0.032
38.0,62.0,-0.039
38.0,63.0,-0.032
38.0,64.0,-0.032
38.0,65.0,-0.033
39.0,0.0,-0.108
39.0,1.0,-0.108
39.0,2.0,-0.093
39.0,3.0,-0.059
39.0,4.0,-0.011
39.0,5.0,0.04
39.0,6.0,0.05
39.0,7.0,0.049
39.0,8.0,0.042
39.0,9.0,0.032
39.0,10.0,0.01
39.0,11.0,-0.004
39.0,12.0,-0.012
39.0,13.0,-0.022
39.0,14.0,-0.033
39.0,15.0,-0.04
39.0,16.0,-0.047
39.0,17.0,-0.052
39.0,18.0,-0.06
39.0,19.0,-0.063
39.0,20.0,-0.065
39.0,21.0,-0.067
39.0,22.0,-0.067
39.0,23.0,-0.067
39.0,24.0,-0.067
39.0,25.0,-0.067
39.0,26.0,-0.067
39.0,27.0,-0.068
39.0,28.0,-0.069
39.0,29.0,-0.069
39.0,30.0,-0.07
39.0,31.0,-0.074
39.0,32.0,-0.061
39.0,33.0,-0.054
39.0,34.0,-0.056
39.0,35.0,-0.062
39.0,36.0,-0.058
39.0,37.0,-0.059
39.0,38.0,-0.06
39.0,39.0,-0.059
39.0,40.0,-0.057
39.0,41.0,-0.054
39.0,42.0,-0.055
39.0,43.0,-0.057
39.0,44.0,-0.059
39.0,45.0,-0.06
39.0,46.0,-0.058
39.0,47.0,-0.044
39.0,48.0,-0.04
39.0,49.0,-0.046
39.0,50.0,-0.046
39.0,51.0,-0.038
39.0,52.0,-0.028
39.0,53.0,-0.026
39.0,54.0,-0.028
39.0,55.0,-0.046
39.0,56.0,-0.06
39.0,57.0,-0.048
39.0,58.0,-0.024
39.0,59.0,-0.015
39.0,60.0,-0.021
39.0,61.0,-0.032
39.0,62.0,-0.035
39.0,63.0,-0.032
39.0,64.0,-0.033
39.0,65.0,-0.033
40.0,0.0,-0.104
40.0,1.0,-0.11
40.0,2.0,-0.095
40.0,3.0,-0.061
40.0,4.0,-0.013
40.0,5.0,0.038
40.0,6.0,0.049
40.0,7.0,0.047
40.0,8.0,0.04
40.0,9.0,0.03
40.0,10.0,0.002
40.0,11.0,-0.006
40.0,12.0,-0.013
40.0,13.0,-0.024
40.0,14.0,-0.034
40.0,15.0,-0.042
40.0,16.0,-0.049
40.0,17.0,-0.054
40.0,18.0,-0.057
40.0,19.0,-0.064
40.0,20.0,-0.066
40.0,21.0,-0.068
40.0,22.0,-0.069
40.0,23.0,-0.069
40.0,24.0,-0.068
40.0,25.0,-0.068
40.0,26.0,-0.069
40.0,27.0,-0.069
40.0,28.0,-0.07
40.0,29.0,-0.07
40.0,30.0,-0.072
40.0,31.0,-0.076
40.0,32.0,-0.062
40.0,33.0,-0.06
40.0,34.0,-0.057
40.0,35.0,-0.059
40.0,36.0,-0.059
40.0,37.0,-0.06
40.0,38.0,-0.061
40.0,39.0,-0.06
40.0,40.0,-0.058
40.0,41.0,-0.055
40.0,42.0,-0.057
40.0,43.0,-0.059
40.0,44.0,-0.06
40.0,45.0,-0.061
40.0,46.0,-0.06
40.0,47.0,-0.045
40.0,48.0,-0.037
40.0,49.0,-0.047
40.0,50.0,-0.047
40.0,51.0,-0.04
40.0,52.0,-0.029
40.0,53.0,-0.027
40.0,54.0,-0.029
40.0,55.0,-0.047
40.0,56.0,-0.062
40.0,57.0,-0.049
40.0,58.0,-0.026
40.0,59.0,-0.016
40.0,60.0,-0.014
40.0,61.0,-0.034
40.0,62.0,-0.036
40.0,63.0,-0.034
40.0,64.0,-0.034
40.0,65.0,-0.035
41.0,0.0,-0.106
41.0,1.0,-0.112
41.0,2.0,-0.097
41.0,3.0,-0.063
41.0,4.0,-0.008
41.0,5.0,0.036
41.0,6.0,0.06
41.0,7.0,0.045
41.0,8.0,0.038
41.0,9.0,0.028
41.0,10.0,0.006
41.0,11.0,-0.008
41.0,12.0,-0.015
41.0,13.0,-0.026
41.0,14.0,-0.036
41.0,15.0,-0.044
41.0,16.0,-0.051
41.0,17.0,-0.055
41.0,18.0,-0.059
41.0,19.0,-0.066
41.0,20.0,-0.068
41.0,21.0,-0.07
41.0,22.0,-0.071
41.0,23.0,-0.071
41.0,24.0,-0.07
41.0,25.0,-0.07
41.0,26.0,-0.071
41.0,27.0,-0.071
41.0,28.0,-0.072
41.0,29.0,-0.072
41.0,30.0,-0.074
41.0,31.0,-0.077
41.0,32.0,-0.064
41.0,33.0,-0.057
41.0,34.0,-0.059
41.0,35.0,-0.06
41.0,36.0,-0.061
41.0,37.0,-0.062
41.0,38.0,-0.063
41.0,39.0,-0.062
41.0,40.0,-0.06
41.0,41.0,-0.057
41.0,42.0,-0.059
41.0,43.0,-0.06
41.0,44.0,-0.062
41.0,45.0,-0.063
41.0,46.0,-0.061
41.0,47.0,-0.043
41.0,48.0,-0.038
41.0,49.0,-0.049
41.0,50.0,-0.049
41.0,51.0,-0.037
41.0,52.0,-0.031
41.0,53.0,-0.029
41.0,54.0,-0.031
41.0,55.0,-0.049
41.0,56.0,-0.063
41.0,57.0,-0.051
41.0,58.0,-0.027
41.0,59.0,-0.009
41.0,60.0,-0.015
41.0,61.0,-0.035
41.0,62.0,-0.038
41.0,63.0,-0.035
41.0,64.0,-0.031
41.0,65.0,-0.036
42.0,0.0,-0.109
42.0,1.0,-0.11
42.0,2.0,-0.095
42.0,3.0,-0.06
42.0,4.0,-0.012
42.0,5.0,0.038
42.0,6.0,0.062
42.0,7.0,0.047
42.0,8.0,0.04
42.0,9.0,0.03
42.0,10.0,0.002
42.0,11.0,-0.006
42.0,12.0,-0.013
42.0,13.0,-0.024
42.0,14.0,-0.034
42.0,15.0,-0.042
42.0,16.0,-0.048
42.0,17.0,-0.053
42.0,18.0,-0.057
42.0,19.0,-0.064
42.0,20.0,-0.066
42.0,21.0,-0.068
42.0,22.0,-0.068
42.0,23.0,-0.069
42.0,24.0,-0.068
42.0,25.0,-0.068
42.0,26.0,-0.068
42.0,27.0,-0.069
42.0,28.0,-0.07
42.0,29.0,-0.07
42.0,30.0,-0.071
42.0,31.0,-0.075
42.0,32.0,-0.062
42.0,33.0,-0.055
42.0,34.0,-0.056
42.0,35.0,-0.058
42.0,36.0,-0.059
42.0,37.0,-0.06
42.0,38.0,-0.061
42.0,39.0,-0.06
42.0,40.0,-0.058
42.0,41.0,-0.055
42.0,42.0,-0.056
42.0,43.0,-0.058
42.0,44.0,-0.059
42.0,45.0,-0.061
42.0,46.0,-0.059
42.0,47.0,-0.045
42.0,48.0,-0.036
42.0,49.0,-0.046
42.0,50.0,-0.047
42.0,51.0,-0.035
42.0,52.0,-0.029
42.0,53.0,-0.027
42.0,54.0,-0.029
42.0,55.0,-0.047
42.0,56.0,-0.061
42.0,57.0,-0.048
42.0,58.0,-0.025
42.0,59.0,-0.006
42.0,60.0,-0.013
42.0,61.0,-0.033
42.0,62.0,-0.036
42.0,63.0,-0.033
42.0,64.0,-0.028
42.0,65.0,-0.034
43.0,0.0,-0.107
43.0,1.0,-0.107
43.0,2.0,-0.098
43.0,3.0,-0.058
43.0,4.0,-0.017
43.0,5.0,0.04
43.0,6.0,0.051
43.0,7.0,0.05
43.0,8.0,0.042
43.0,9.0,0.033
43.0,10.0,0.004
43.0,11.0,-0.003
43.0,12.0,-0.011
43.0,13.0,-0.021
43.0,14.0,-0.032
43.0,15.0,-0.04
43.0,16.0,-0.046
43.0,17.0,-0.051
43.0,18.0,-0.059
43.0,19.0,-0.061
43.0,20.0,-0.064
43.0,21.0,-0.065
43.0,22.0,-0.066
43.0,23.0,-0.066
43.0,24.0,-0.066
43.0,25.0,-0.065
43.0,26.0,-0.066
43.0,27.0,-0.067
43.0,28.0,-0.067
43.0,29.0,-0.068
43.0,30.0,-0.069
43.0,31.0,-0.073
43.0,32.0,-0.06
43.0,33.0,-0.053
43.0,34.0,-0.054
43.0,35.0,-0.056
43.0,36.0,-0.057
43.0,37.0,-0.058
43.0,38.0,-0.059
43.0,39.0,-0.058
43.0,40.0,-0.055
43.0,41.0,-0.053
43.0,42.0,-0.054
43.0,43.0,-0.056
43.0,44.0,-0.057
43.0,45.0,-0.059
43.0,46.0,-0.057
43.0,47.0,-0.042
43.0,48.0,-0.033
43.0,49.0,-0.044
43.0,50.0,-0.045
43.0,51.0,-0.032
43.0,52.0,-0.026
43.0,53.0,-0.025
43.0,54.0,-0.027
43.0,55.0,-0.044
43.0,56.0,-0.059
43.0,57.0,-0.046
43.0,58.0,-0.023
43.0,59.0,-0.013
43.0,60.0,-0.011
43.0,61.0,-0.031
43.0,62.0,-0.034
43.0,63.0,-0.031
43.0,64.0,-0.026
43.0,65.0,-0.031
44.0,0.0,-0.104
44.0,1.0,-0.104
44.0,2.0,-0.096
44.0,3.0,-0.055
44.0,4.0,-0.015
44.0,5.0,0.043
44.0,6.0,0.053
44.0,7.0,0.052
44.0,8.0,0.045
44.0,9.0,0.035
44.0,10.0,0.007
44.0,11.0,-0.001
44.0,12.0,-0.009
44.0,13.0,-0.019
44.0,14.0,-0.03
44.0,15.0,-0.038
44.0,16.0,-0.044
44.0,17.0,-0.049
44.0,18.0,-0.057
44.0,19.0,-0.059
44.0,20.0,-0.062
44.0,21.0,-0.063
44.0,22.0,-0.064
44.0,23.0,-0.064
44.0,24.0,-0.064
44.0,25.0,-0.063
44.0,26.0,-0.064
44.0,27.0,-0.064
44.0,28.0,-0.065
44.0,29.0,-0.065
44.0,30.0,-0.067
44.0,31.0,-0.071
44.0,32.0,-0.053
44.0,33.0,-0.051
44.0,34.0,-0.052
44.0,35.0,-0.054
44.0,36.0,-0.055
44.0,37.0,-0.056
44.0,38.0,-0.057
44.0,39.0,-0.056
44.0,40.0,-0.053
44.0,41.0,-0.051
44.0,42.0,-0.052
44.0,43.0,-0.054
44.0,44.0,-0.055
44.0,45.0,-0.057
44.0,46.0,-0.055
44.0,47.0,-0.04
44.0,48.0,-0.036
44.0,49.0,-0.042
44.0,50.0,-0.043
44.0,51.0,-0.035
44.0,52.0,-0.024
44.0,53.0,-0.023
44.0,54.0,-0.025
44.0,55.0,-0.042
44.0,56.0,-0.057
44.0,57.0,-0.044
44.0,58.0,-0.021
44.0,59.0,-0.002
44.0,60.0,-0.018
44.0,61.0,-0.029
44.0,62.0,-0.031
44.0,63.0,-0.029
44.0,64.0,-0.024
44.0,65.0,-0.029
45.0,0.0,-0.101
45.0,1.0,-0.101
45.0,2.0,-0.087
45.0,3.0,-0.052
45.0,4.0,-0.011
45.0,5.0,0.046
45.0,6.0,0.057
45.0,7.0,0.055
45.0,8.0,0.048
45.0,9.0,0.038
45.0,10.0,0.01
45.0,11.0,0.002
45.0,12.0,-0.006
45.0,13.0,-0.016
45.0,14.0,-0.027
45.0,15.0,-0.035
45.0,16.0,-0.041
45.0,17.0,-0.051
45.0,18.0,-0.054
45.0,19.0,-0.057
45.0,20.0,-0.059
45.0,21.0,-0.061
45.0,22.0,-0.061
45.0,23.0,-0.061
45.0,24.0,-0.061
45.0,25.0,-0.061
45.0,26.0,-0.061
45.0,27.0,-0.062
45.0,28.0,-0.063
45.0,29.0,-0.063
45.0,30.0,-0.065
45.0,31.0,-0.068
45.0,32.0,-0.05
45.0,33.0,-0.048
45.0,34.0,-0.05
45.0,35.0,-0.051
45.0,36.0,-0.052
45.0,37.0,-0.053
45.0,38.0,-0.054
45.0,39.0,-0.053
45.0,40.0,-0.051
45.0,41.0,-0.048
45.0,42.0,-0.05
45.0,43.0,-0.052
45.0,44.0,-0.053
45.0,45.0,-0.054
45.0,46.0,-0.053
45.0,47.0,-0.037
45.0,48.0,-0.033
45.0,49.0,-0.04
45.0,50.0,-0.04
45.0,51.0,-0.032
45.0,52.0,-0.022
45.0,53.0,-0.02
45.0,54.0,-0.022
45.0,55.0,-0.04
45.0,56.0,-0.055
45.0,57.0,-0.042
45.0,58.0,-0.018
45.0,59.0,0.0
45.0,60.0,-0.015
45.0,61.0,-0.026
45.0,62.0,-0.029
45.0,63.0,-0.026
45.0,64.0,-0.021
45.0,65.0,-0.025
46.0,0.0,-0.09
46.0,1.0,-0.092
46.0,2.0,-0.075
46.0,3.0,-0.044
46.0,4.0,0.032
46.0,5.0,0.067
46.0,6.0,0.077
46.0,7.0,0.062
46.0,8.0,0.055
46.0,9.0,0.045
46.0,10.0,0.022
46.0,11.0,0.008
46.0,12.0,-0.001
46.0,13.0,-0.012
46.0,14.0,-0.023
46.0,15.0,-0.031
46.0,16.0,-0.038
46.0,17.0,-0.043
46.0,18.0,-0.047
46.0,19.0,-0.054
46.0,20.0,-0.057
46.0,21.0,-0.058
46.0,22.0,-0.059
46.0,23.0,-0.059
46.0,24.0,-0.059
46.0,25.0,-0.059
46.0,26.0,-0.06
46.0,27.0,-0.06
46.0,28.0,-0.061
46.0,29.0,-0.062
46.0,30.0,-0.063
46.0,31.0,-0.066
46.0,32.0,-0.048
46.0,33.0,-0.046
46.0,34.0,-0.048
46.0,35.0,-0.05
46.0,36.0,-0.051
46.0,37.0,-0.053
46.0,38.0,-0.054
46.0,39.0,-0.053
46.0,40.0,-0.05
46.0,41.0,-0.048
46.0,42.0,-0.049
46.0,43.0,-0.051
46.0,44.0,-0.052
46.0,45.0,-0.054
46.0,46.0,-0.05
46.0,47.0,-0.031
46.0,48.0,-0.023
46.0,49.0,-0.036
46.0,50.0,-0.037
46.0,51.0,-0.025
46.0,52.0,-0.019
46.0,53.0,-0.018
46.0,54.0,-0.02
46.0,55.0,-0.037
46.0,56.0,-0.052
46.0,57.0,-0.039
46.0,58.0,-0.015
46.0,59.0,-0.005
46.0,60.0,-0.011
46.0,61.0,-0.021
46.0,62.0,-0.024
46.0,63.0,-0.02
46.0,64.0,-0.013
46.0,65.0,-0.017
47.0,0.0,-0.082
47.0,1.0,-0.092
47.0,2.0,-0.074
47.0,3.0,-0.011
47.0,4.0,0.029
47.0,5.0,0.064
47.0,6.0,0.073
47.0,7.0,0.057
47.0,8.0,0.05
47.0,9.0,0.039
47.0,10.0,0.016
47.0,11.0,0.007
47.0,12.0,-0.003
47.0,13.0,-0.025
47.0,14.0,-0.042
47.0,15.0,-0.05
47.0,16.0,-0.057
47.0,17.0,-0.062
47.0,18.0,-0.066
47.0,19.0,-0.069
47.0,20.0,-0.072
47.0,21.0,-0.073
47.0,22.0,-0.075
47.0,23.0,-0.075
47.0,24.0,-0.075
47.0,25.0,-0.075
47.0,26.0,-0.076
47.0,27.0,-0.077
47.0,28.0,-0.078
47.0,29.0,-0.078
47.0,30.0,-0.079
47.0,31.0,-0.081
47.0,32.0,-0.068
47.0,33.0,-0.066
47.0,34.0,-0.068
47.0,35.0,-0.07
47.0,36.0,-0.071
47.0,37.0,-0.073
47.0,38.0,-0.074
47.0,39.0,-0.073
47.0,40.0,-0.071
47.0,41.0,-0.068
47.0,42.0,-0.069
47.0,43.0,-0.071
47.0,44.0,-0.072
47.0,45.0,-0.073
47.0,46.0,-0.067
47.0,47.0,-0.043
47.0,48.0,-0.041
47.0,49.0,-0.049
47.0,50.0,-0.056
47.0,51.0,-0.044
47.0,52.0,-0.039
47.0,53.0,-0.037
47.0,54.0,-0.039
47.0,55.0,-0.056
47.0,56.0,-0.069
47.0,57.0,-0.052
47.0,58.0,-0.034
47.0,59.0,-0.014
47.0,60.0,-0.019
47.0,61.0,-0.038
47.0,62.0,-0.04
47.0,63.0,-0.035
47.0,64.0,-0.028
47.0,65.0,-0.027
48.0,0.0,-0.093
48.0,1.0,-0.102
48.0,2.0,-0.077
48.0,3.0,-0.015
48.0,4.0,0.026
48.0,5.0,0.055
48.0,6.0,0.064
48.0,7.0,0.055
48.0,8.0,0.047
48.0,9.0,0.024
48.0,10.0,0.013
48.0,11.0,0.004
48.0,12.0,-0.005
48.0,13.0,-0.027
48.0,14.0,-0.044
48.0,15.0,-0.052
48.0,16.0,-0.059
48.0,17.0,-0.064
48.0,18.0,-0.067
48.0,19.0,-0.07
48.0,20.0,-0.073
48.0,21.0,-0.075
48.0,22.0,-0.076
48.0,23.0,-0.076
48.0,24.0,-0.076
48.0,25.0,-0.076
48.0,26.0,-0.077
48.0,27.0,-0.078
48.0,28.0,-0.079
48.0,29.0,-0.079
48.0,30.0,-0.08
48.0,31.0,-0.082
48.0,32.0,-0.069
48.0,33.0,-0.067
48.0,34.0,-0.069
48.0,35.0,-0.071
48.0,36.0,-0.072
48.0,37.0,-0.074
48.0,38.0,-0.075
48.0,39.0,-0.074
48.0,40.0,-0.071
48.0,41.0,-0.069
48.0,42.0,-0.07
48.0,43.0,-0.072
48.0,44.0,-0.073
48.0,45.0,-0.074
48.0,46.0,-0.069
48.0,47.0,-0.046
48.0,48.0,-0.043
48.0,49.0,-0.051
48.0,50.0,-0.053
48.0,51.0,-0.045
48.0,52.0,-0.04
48.0,53.0,-0.038
48.0,54.0,-0.04
48.0,55.0,-0.057
48.0,56.0,-0.071
48.0,57.0,-0.054
48.0,58.0,-0.035
48.0,59.0,-0.016
48.0,60.0,-0.021
48.0,61.0,-0.041
48.0,62.0,-0.043
48.0,63.0,-0.038
48.0,64.0,-0.032
48.0,65.0,-0.031
49.0,0.0,-0.092
49.0,1.0,-0.101
49.0,2.0,-0.084
49.0,3.0,-0.044
49.0,4.0,0.032
49.0,5.0,0.054
49.0,6.0,0.064
49.0,7.0,0.062
49.0,8.0,0.041
49.0,9.0,0.031
49.0,10.0,0.021
49.0,11.0,0.0
49.0,12.0,-0.009
49.0,13.0,-0.025
49.0,14.0,-0.036
49.0,15.0,-0.044
49.0,16.0,-0.051
49.0,17.0,-0.056
49.0,18.0,-0.06
49.0,19.0,-0.063
49.0,20.0,-0.065
49.0,21.0,-0.067
49.0,22.0,-0.068
49.0,23.0,-0.068
49.0,24.0,-0.068
49.0,25.0,-0.068
49.0,26.0,-0.069
49.0,27.0,-0.069
49.0,28.0,-0.07
49.0,29.0,-0.071
49.0,30.0,-0.072
49.0,31.0,-0.079
49.0,32.0,-0.061
49.0,33.0,-0.059
49.0,34.0,-0.061
49.0,35.0,-0.063
49.0,36.0,-0.064
49.0,37.0,-0.065
49.0,38.0,-0.067
49.0,39.0,-0.065
49.0,40.0,-0.063
49.0,41.0,-0.06
49.0,42.0,-0.062
49.0,43.0,-0.063
49.0,44.0,-0.065
49.0,45.0,-0.066
49.0,46.0,-0.062
49.0,47.0,-0.043
49.0,48.0,-0.036
49.0,49.0,-0.048
49.0,50.0,-0.049
49.0,51.0,-0.038
49.0,52.0,-0.032
49.0,53.0,-0.03
49.0,54.0,-0.032
49.0,55.0,-0.05
49.0,56.0,-0.063
49.0,57.0,-0.051
49.0,58.0,-0.027
49.0,59.0,-0.008
49.0,60.0,-0.023
49.0,61.0,-0.033
49.0,62.0,-0.036
49.0,63.0,-0.032
49.0,64.0,-0.025
49.0,65.0,-0.029
50.0,0.0,-0.099
50.0,1.0,-0.107
50.0,2.0,-0.091
50.0,3.0,-0.053
50.0,4.0,0.017
50.0,5.0,0.053
50.0,6.0,0.063
50.0,7.0,0.061
50.0,8.0,0.04
50.0,9.0,0.03
50.0,10.0,0.02
50.0,11.0,-0.001
50.0,12.0,-0.015
50.0,13.0,-0.025
50.0,14.0,-0.036
50.0,15.0,-0.044
50.0,16.0,-0.051
50.0,17.0,-0.056
50.0,18.0,-0.059
50.0,19.0,-0.062
50.0,20.0,-0.069
50.0,21.0,-0.071
50.0,22.0,-0.072
50.0,23.0,-0.072
50.0,24.0,-0.072
50.0,25.0,-0.072
50.0,26.0,-0.072
50.0,27.0,-0.073
50.0,28.0,-0.074
50.0,29.0,-0.074
50.0,30.0,-0.075
50.0,31.0,-0.078
50.0,32.0,-0.061
50.0,33.0,-0.058
50.0,34.0,-0.06
50.0,35.0,-0.062
50.0,36.0,-0.063
50.0,37.0,-0.064
50.0,38.0,-0.065
50.0,39.0,-0.064
50.0,40.0,-0.062
50.0,41.0,-0.059
50.0,42.0,-0.061
50.0,43.0,-0.062
50.0,44.0,-0.064
50.0,45.0,-0.065
50.0,46.0,-0.062
50.0,47.0,-0.044
50.0,48.0,-0.04
50.0,49.0,-0.048
50.0,50.0,-0.049
50.0,51.0,-0.037
50.0,52.0,-0.031
50.0,53.0,-0.03
50.0,54.0,-0.032
50.0,55.0,-0.049
50.0,56.0,-0.063
50.0,57.0,-0.05
50.0,58.0,-0.027
50.0,59.0,-0.008
50.0,60.0,-0.023
50.0,61.0,-0.033
50.0,62.0,-0.036
50.0,63.0,-0.032
50.0,64.0,-0.026
50.0,65.0,-0.03
51.0,0.0,-0.109
51.0,1.0,-0.11
51.0,2.0,-0.094
51.0,3.0,-0.056
51.0,4.0,0.007
51.0,5.0,0.044
51.0,6.0,0.054
51.0,7.0,0.052
51.0,8.0,0.031
51.0,9.0,0.021
51.0,10.0,0.011
51.0,11.0,-0.01
51.0,12.0,-0.024
51.0,13.0,-0.034
51.0,14.0,-0.045
51.0,15.0,-0.052
51.0,16.0,-0.059
51.0,17.0,-0.064
51.0,18.0,-0.067
51.0,19.0,-0.07
51.0,20.0,-0.072
51.0,21.0,-0.074
51.0,22.0,-0.075
51.0,23.0,-0.075
51.0,24.0,-0.075
51.0,25.0,-0.075
51.0,26.0,-0.075
51.0,27.0,-0.076
51.0,28.0,-0.077
51.0,29.0,-0.077
51.0,30.0,-0.078
51.0,31.0,-0.086
51.0,32.0,-0.068
51.0,33.0,-0.066
51.0,34.0,-0.068
51.0,35.0,-0.07
51.0,36.0,-0.07
51.0,37.0,-0.072
51.0,38.0,-0.073
51.0,39.0,-0.071
51.0,40.0,-0.069
51.0,41.0,-0.067
51.0,42.0,-0.068
51.0,43.0,-0.07
51.0,44.0,-0.071
51.0,45.0,-0.072
51.0,46.0,-0.069
51.0,47.0,-0.053
51.0,48.0,-0.045
51.0,49.0,-0.056
51.0,50.0,-0.057
51.0,51.0,-0.045
51.0,52.0,-0.039
51.0,53.0,-0.037
51.0,54.0,-0.039
51.0,55.0,-0.057
51.0,56.0,-0.07
51.0,57.0,-0.054
51.0,58.0,-0.035
51.0,59.0,-0.016
51.0,60.0,-0.022
51.0,61.0,-0.042
51.0,62.0,-0.044
51.0,63.0,-0.041
51.0,64.0,-0.035
51.0,65.0,-0.04
52.0,0.0,-0.116
52.0,1.0,-0.116
52.0,2.0,-0.101
52.0,3.0,-0.064
52.0,4.0,0.0
52.0,5.0,0.037
52.0,6.0,0.047
52.0,7.0,0.045
52.0,8.0,0.024
52.0,9.0,0.014
52.0,10.0,0.004
52.0,11.0,-0.004
52.0,12.0,-0.03
52.0,13.0,-0.04
52.0,14.0,-0.05
52.0,15.0,-0.058
52.0,16.0,-0.064
52.0,17.0,-0.069
52.0,18.0,-0.072
52.0,19.0,-0.075
52.0,20.0,-0.078
52.0,21.0,-0.079
52.0,22.0,-0.08
52.0,23.0,-0.08
52.0,24.0,-0.08
52.0,25.0,-0.08
52.0,26.0,-0.081
52.0,27.0,-0.081
52.0,28.0,-0.082
52.0,29.0,-0.082
52.0,30.0,-0.084
52.0,31.0,-0.087
52.0,32.0,-0.074
52.0,33.0,-0.072
52.0,34.0,-0.073
52.0,35.0,-0.075
52.0,36.0,-0.075
52.0,37.0,-0.077
52.0,38.0,-0.078
52.0,39.0,-0.076
52.0,40.0,-0.074
52.0,41.0,-0.072
52.0,42.0,-0.073
52.0,43.0,-0.075
52.0,44.0,-0.076
52.0,45.0,-0.077
52.0,46.0,-0.075
52.0,47.0,-0.058
52.0,48.0,-0.05
52.0,49.0,-0.062
52.0,50.0,-0.062
52.0,51.0,-0.05
52.0,52.0,-0.044
52.0,53.0,-0.042
52.0,54.0,-0.044
52.0,55.0,-0.062
52.0,56.0,-0.076
52.0,57.0,-0.059
52.0,58.0,-0.04
52.0,59.0,-0.021
52.0,60.0,-0.028
52.0,61.0,-0.047
52.0,62.0,-0.05
52.0,63.0,-0.046
52.0,64.0,-0.041
52.0,65.0,-0.041
53.0,0.0,-0.119
53.0,1.0,-0.119
53.0,2.0,-0.104
53.0,3.0,-0.067
53.0,4.0,-0.003
53.0,5.0,0.034
53.0,6.0,0.044
53.0,7.0,0.042
53.0,8.0,0.034
53.0,9.0,0.011
53.0,10.0,0.001
53.0,11.0,-0.007
53.0,12.0,-0.033
53.0,13.0,-0.043
53.0,14.0,-0.053
53.0,15.0,-0.061
53.0,16.0,-0.067
53.0,17.0,-0.071
53.0,18.0,-0.075
53.0,19.0,-0.077
53.0,20.0,-0.08
53.0,21.0,-0.081
53.0,22.0,-0.082
53.0,23.0,-0.083
53.0,24.0,-0.087
53.0,25.0,-0.087
53.0,26.0,-0.088
53.0,27.0,-0.083
53.0,28.0,-0.084
53.0,29.0,-0.084
53.0,30.0,-0.086
53.0,31.0,-0.089
53.0,32.0,-0.076
53.0,33.0,-0.074
53.0,34.0,-0.075
53.0,35.0,-0.077
53.0,36.0,-0.078
53.0,37.0,-0.079
53.0,38.0,-0.08
53.0,39.0,-0.079
53.0,40.0,-0.076
53.0,41.0,-0.074
53.0,42.0,-0.075
53.0,43.0,-0.077
53.0,44.0,-0.078
53.0,45.0,-0.079
53.0,46.0,-0.077
53.0,47.0,-0.061
53.0,48.0,-0.057
53.0,49.0,-0.064
53.0,50.0,-0.065
53.0,51.0,-0.052
53.0,52.0,-0.047
53.0,53.0,-0.045
53.0,54.0,-0.047
53.0,55.0,-0.064
53.0,56.0,-0.078
53.0,57.0,-0.066
53.0,58.0,-0.042
53.0,59.0,-0.024
53.0,60.0,-0.03
53.0,61.0,-0.049
53.0,62.0,-0.052
53.0,63.0,-0.049
53.0,64.0,-0.043
53.0,65.0,-0.043
54.0,0.0,-0.118
54.0,1.0,-0.117
54.0,2.0,-0.102
54.0,3.0,-0.066
54.0,4.0,-0.003
54.0,5.0,0.034
54.0,6.0,0.044
54.0,7.0,0.042
54.0,8.0,0.021
54.0,9.0,0.011
54.0,10.0,0.001
54.0,11.0,-0.019
54.0,12.0,-0.033
54.0,13.0,-0.042
54.0,14.0,-0.052
54.0,15.0,-0.06
54.0,16.0,-0.066
54.0,17.0,-0.071
54.0,18.0,-0.074
54.0,19.0,-0.077
54.0,20.0,-0.079
54.0,21.0,-0.081
54.0,22.0,-0.082
54.0,23.0,-0.087
54.0,24.0,-0.086
54.0,25.0,-0.086
54.0,26.0,-0.087
54.0,27.0,-0.087
54.0,28.0,-0.084
54.0,29.0,-0.084
54.0,30.0,-0.085
54.0,31.0,-0.088
54.0,32.0,-0.075
54.0,33.0,-0.073
54.0,34.0,-0.075
54.0,35.0,-0.076
54.0,36.0,-0.077
54.0,37.0,-0.078
54.0,38.0,-0.079
54.0,39.0,-0.078
54.0,40.0,-0.076
54.0,41.0,-0.073
54.0,42.0,-0.074
54.0,43.0,-0.076
54.0,44.0,-0.077
54.0,45.0,-0.078
54.0,46.0,-0.076
54.0,47.0,-0.06
54.0,48.0,-0.056
54.0,49.0,-0.063
54.0,50.0,-0.064
54.0,51.0,-0.052
54.0,52.0,-0.046
54.0,53.0,-0.044
54.0,54.0,-0.046
54.0,55.0,-0.063
54.0,56.0,-0.077
54.0,57.0,-0.06
54.0,58.0,-0.042
54.0,59.0,-0.023
54.0,60.0,-0.029
54.0,61.0,-0.048
54.0,62.0,-0.051
54.0,63.0,-0.048
54.0,64.0,-0.042
54.0,65.0,-0.042
55.0,0.0,-0.112
55.0,1.0,-0.117
55.0,2.0,-0.096
55.0,3.0,-0.068
55.0,4.0,-0.029
55.0,5.0,0.028
55.0,6.0,0.052
55.0,7.0,0.037
55.0,8.0,0.029
55.0,9.0,0.02
55.0,10.0,-0.009
55.0,11.0,-0.017
55.0,12.0,-0.024
55.0,13.0,-0.033
55.0,14.0,-0.048
55.0,15.0,-0.055
55.0,16.0,-0.062
55.0,17.0,-0.066
55.0,18.0,-0.069
55.0,19.0,-0.072
55.0,20.0,-0.075
55.0,21.0,-0.076
55.0,22.0,-0.077
55.0,23.0,-0.078
55.0,24.0,-0.077
55.0,25.0,-0.077
55.0,26.0,-0.078
55.0,27.0,-0.079
55.0,28.0,-0.079
55.0,29.0,-0.08
55.0,30.0,-0.081
55.0,31.0,-0.083
55.0,32.0,-0.066
55.0,33.0,-0.064
55.0,34.0,-0.066
55.0,35.0,-0.068
55.0,36.0,-0.068
55.0,37.0,-0.07
55.0,38.0,-0.071
55.0,39.0,-0.069
55.0,40.0,-0.067
55.0,41.0,-0.065
55.0,42.0,-0.066
55.0,43.0,-0.068
55.0,44.0,-0.069
55.0,45.0,-0.07
55.0,46.0,-0.067
55.0,47.0,-0.05
55.0,48.0,-0.047
55.0,49.0,-0.054
55.0,50.0,-0.055
55.0,51.0,-0.047
55.0,52.0,-0.042
55.0,53.0,-0.04
55.0,54.0,-0.037
55.0,55.0,-0.054
55.0,56.0,-0.067
55.0,57.0,-0.055
55.0,58.0,-0.032
55.0,59.0,-0.023
55.0,60.0,-0.028
55.0,61.0,-0.038
55.0,62.0,-0.045
55.0,63.0,-0.037
55.0,64.0,-0.036
55.0,65.0,-0.036
56.0,0.0,-0.102
56.0,1.0,-0.101
56.0,2.0,-0.092
56.0,3.0,-0.06
56.0,4.0,-0.015
56.0,5.0,0.041
56.0,6.0,0.05
56.0,7.0,0.049
56.0,8.0,0.042
56.0,9.0,0.013
56.0,10.0,0.004
56.0,11.0,-0.01
56.0,12.0,-0.016
56.0,13.0,-0.026
56.0,14.0,-0.035
56.0,15.0,-0.043
56.0,16.0,-0.049
56.0,17.0,-0.054
56.0,18.0,-0.057
56.0,19.0,-0.06
56.0,20.0,-0.062
56.0,21.0,-0.064
56.0,22.0,-0.07
56.0,23.0,-0.07
56.0,24.0,-0.07
56.0,25.0,-0.065
56.0,26.0,-0.066
56.0,27.0,-0.067
56.0,28.0,-0.067
56.0,29.0,-0.068
56.0,30.0,-0.069
56.0,31.0,-0.071
56.0,32.0,-0.058
56.0,33.0,-0.057
56.0,34.0,-0.058
56.0,35.0,-0.06
56.0,36.0,-0.061
56.0,37.0,-0.062
56.0,38.0,-0.063
56.0,39.0,-0.062
56.0,40.0,-0.056
56.0,41.0,-0.053
56.0,42.0,-0.055
56.0,43.0,-0.057
56.0,44.0,-0.058
56.0,45.0,-0.059
56.0,46.0,-0.055
56.0,47.0,-0.037
56.0,48.0,-0.034
56.0,49.0,-0.042
56.0,50.0,-0.043
56.0,51.0,-0.035
56.0,52.0,-0.03
56.0,53.0,-0.028
56.0,54.0,-0.029
56.0,55.0,-0.041
56.0,56.0,-0.055
56.0,57.0,-0.043
56.0,58.0,-0.02
56.0,59.0,-0.01
56.0,60.0,-0.015
56.0,61.0,-0.025
56.0,62.0,-0.032
56.0,63.0,-0.028
56.0,64.0,-0.022
56.0,65.0,-0.022
57.0,0.0,-0.114
57.0,1.0,-0.114
57.0,2.0,-0.099
57.0,3.0,-0.064
57.0,4.0,-0.024
57.0,5.0,0.033
57.0,6.0,0.043
57.0,7.0,0.041
57.0,8.0,0.034
57.0,9.0,0.025
57.0,10.0,-0.004
57.0,11.0,-0.012
57.0,12.0,-0.019
57.0,13.0,-0.029
57.0,14.0,-0.039
57.0,15.0,-0.051
57.0,16.0,-0.058
57.0,17.0,-0.062
57.0,18.0,-0.066
57.0,19.0,-0.069
57.0,20.0,-0.071
57.0,21.0,-0.072
57.0,22.0,-0.073
57.0,23.0,-0.074
57.0,24.0,-0.073
57.0,25.0,-0.073
57.0,26.0,-0.074
57.0,27.0,-0.075
57.0,28.0,-0.076
57.0,29.0,-0.076
57.0,30.0,-0.077
57.0,31.0,-0.08
57.0,32.0,-0.063
57.0,33.0,-0.061
57.0,34.0,-0.062
57.0,35.0,-0.064
57.0,36.0,-0.065
57.0,37.0,-0.066
57.0,38.0,-0.067
57.0,39.0,-0.066
57.0,40.0,-0.064
57.0,41.0,-0.061
57.0,42.0,-0.063
57.0,43.0,-0.065
57.0,44.0,-0.066
57.0,45.0,-0.067
57.0,46.0,-0.063
57.0,47.0,-0.046
57.0,48.0,-0.043
57.0,49.0,-0.05
57.0,50.0,-0.051
57.0,51.0,-0.039
57.0,52.0,-0.033
57.0,53.0,-0.032
57.0,54.0,-0.033
57.0,55.0,-0.05
57.0,56.0,-0.064
57.0,57.0,-0.052
57.0,58.0,-0.028
57.0,59.0,-0.019
57.0,60.0,-0.024
57.0,61.0,-0.034
57.0,62.0,-0.037
57.0,63.0,-0.033
57.0,64.0,-0.032
57.0,65.0,-0.032
58.0,0.0,-0.119
58.0,1.0,-0.119
58.0,2.0,-0.103
58.0,3.0,-0.066
58.0,4.0,-0.002
58.0,5.0,0.034
58.0,6.0,0.044
58.0,7.0,0.042
58.0,8.0,0.034
58.0,9.0,0.011
58.0,10.0,0.001
58.0,11.0,-0.007
58.0,12.0,-0.034
58.0,13.0,-0.043
58.0,14.0,-0.054
58.0,15.0,-0.061
58.0,16.0,-0.067
58.0,17.0,-0.072
58.0,18.0,-0.075
58.0,19.0,-0.078
58.0,20.0,-0.081
58.0,21.0,-0.082
58.0,22.0,-0.083
58.0,23.0,-0.084
58.0,24.0,-0.083
58.0,25.0,-0.083
58.0,26.0,-0.084
58.0,27.0,-0.085
58.0,28.0,-0.086
58.0,29.0,-0.086
58.0,30.0,-0.087
58.0,31.0,-0.09
58.0,32.0,-0.077
58.0,33.0,-0.075
58.0,34.0,-0.077
58.0,35.0,-0.079
58.0,36.0,-0.079
58.0,37.0,-0.081
58.0,38.0,-0.081
58.0,39.0,-0.08
58.0,40.0,-0.078
58.0,41.0,-0.076
58.0,42.0,-0.077
58.0,43.0,-0.078
58.0,44.0,-0.08
58.0,45.0,-0.081
58.0,46.0,-0.078
58.0,47.0,-0.056
58.0,48.0,-0.053
58.0,49.0,-0.06
58.0,50.0,-0.061
58.0,51.0,-0.053
58.0,52.0,-0.048
58.0,53.0,-0.046
58.0,54.0,-0.048
58.0,55.0,-0.06
58.0,56.0,-0.078
58.0,57.0,-0.062
58.0,58.0,-0.034
58.0,59.0,-0.024
58.0,60.0,-0.03
58.0,61.0,-0.049
58.0,62.0,-0.051
58.0,63.0,-0.048
58.0,64.0,-0.042
58.0,65.0,-0.041
59.0,0.0,-0.117
59.0,1.0,-0.118
59.0,2.0,-0.094
59.0,3.0,-0.032
59.0,4.0,0.01
59.0,5.0,0.046
59.0,6.0,0.042
59.0,7.0,0.039
59.0,8.0,0.032
59.0,9.0,0.021
59.0,10.0,-0.002
59.0,11.0,-0.011
59.0,12.0,-0.019
59.0,13.0,-0.031
59.0,14.0,-0.053
59.0,15.0,-0.06
59.0,16.0,-0.072
59.0,17.0,-0.077
59.0,18.0,-0.08
59.0,19.0,-0.083
59.0,20.0,-0.085
59.0,21.0,-0.087
59.0,22.0,-0.088
59.0,23.0,-0.088
59.0,24.0,-0.088
59.0,25.0,-0.088
59.0,26.0,-0.089
59.0,27.0,-0.09
59.0,28.0,-0.091
59.0,29.0,-0.091
59.0,30.0,-0.092
59.0,31.0,-0.095
59.0,32.0,-0.082
59.0,33.0,-0.075
59.0,34.0,-0.082
59.0,35.0,-0.084
59.0,36.0,-0.085
59.0,37.0,-0.086
59.0,38.0,-0.087
59.0,39.0,-0.081
59.0,40.0,-0.079
59.0,41.0,-0.076
59.0,42.0,-0.078
59.0,43.0,-0.079
59.0,44.0,-0.08
59.0,45.0,-0.081
59.0,46.0,-0.078
59.0,47.0,-0.061
59.0,48.0,-0.057
59.0,49.0,-0.065
59.0,50.0,-0.066
59.0,51.0,-0.058
59.0,52.0,-0.053
59.0,53.0,-0.051
59.0,54.0,-0.043
59.0,55.0,-0.065
59.0,56.0,-0.078
59.0,57.0,-0.066
59.0,58.0,-0.038
59.0,59.0,-0.028
59.0,60.0,-0.034
59.0,61.0,-0.044
59.0,62.0,-0.055
59.0,63.0,-0.043
59.0,64.0,-0.036
59.0,65.0,-0.045
60.0,0.0,-0.106
60.0,1.0,-0.109
60.0,2.0,-0.098
60.0,3.0,-0.021
60.0,4.0,0.02
60.0,5.0,0.041
60.0,6.0,0.051
60.0,7.0,0.049
60.0,8.0,0.041
60.0,9.0,0.017
60.0,10.0,0.007
60.0,11.0,-0.002
60.0,12.0,-0.011
60.0,13.0,-0.023
60.0,14.0,-0.044
60.0,15.0,-0.057
60.0,16.0,-0.064
60.0,17.0,-0.069
60.0,18.0,-0.073
60.0,19.0,-0.076
60.0,20.0,-0.078
60.0,21.0,-0.08
60.0,22.0,-0.081
60.0,23.0,-0.081
60.0,24.0,-0.081
60.0,25.0,-0.081
60.0,26.0,-0.082
60.0,27.0,-0.083
60.0,28.0,-0.084
60.0,29.0,-0.084
60.0,30.0,-0.085
60.0,31.0,-0.088
60.0,32.0,-0.075
60.0,33.0,-0.073
60.0,34.0,-0.075
60.0,35.0,-0.077
60.0,36.0,-0.078
60.0,37.0,-0.079
60.0,38.0,-0.08
60.0,39.0,-0.079
60.0,40.0,-0.073
60.0,41.0,-0.07
60.0,42.0,-0.072
60.0,43.0,-0.073
60.0,44.0,-0.075
60.0,45.0,-0.076
60.0,46.0,-0.072
60.0,47.0,-0.053
60.0,48.0,-0.05
60.0,49.0,-0.058
60.0,50.0,-0.059
60.0,51.0,-0.051
60.0,52.0,-0.046
60.0,53.0,-0.044
60.0,54.0,-0.046
60.0,55.0,-0.058
60.0,56.0,-0.076
60.0,57.0,-0.059
60.0,58.0,-0.031
60.0,59.0,-0.02
60.0,60.0,-0.026
60.0,61.0,-0.045
60.0,62.0,-0.048
60.0,63.0,-0.044
60.0,64.0,-0.037
60.0,65.0,-0.036
61.0,0.0,-0.105
61.0,1.0,-0.112
61.0,2.0,-0.096
61.0,3.0,-0.059
61.0,4.0,0.004
61.0,5.0,0.038
61.0,6.0,0.048
61.0,7.0,0.046
61.0,8.0,0.025
61.0,9.0,0.015
61.0,10.0,0.005
61.0,11.0,-0.016
61.0,12.0,-0.029
61.0,13.0,-0.039
61.0,14.0,-0.049
61.0,15.0,-0.057
61.0,16.0,-0.063
61.0,17.0,-0.068
61.0,18.0,-0.071
61.0,19.0,-0.074
61.0,20.0,-0.077
61.0,21.0,-0.078
61.0,22.0,-0.079
61.0,23.0,-0.08
61.0,24.0,-0.08
61.0,25.0,-0.08
61.0,26.0,-0.081
61.0,27.0,-0.082
61.0,28.0,-0.083
61.0,29.0,-0.083
61.0,30.0,-0.084
61.0,31.0,-0.086
61.0,32.0,-0.073
61.0,33.0,-0.072
61.0,34.0,-0.074
61.0,35.0,-0.076
61.0,36.0,-0.077
61.0,37.0,-0.078
61.0,38.0,-0.079
61.0,39.0,-0.078
61.0,40.0,-0.075
61.0,41.0,-0.073
61.0,42.0,-0.074
61.0,43.0,-0.076
61.0,44.0,-0.077
61.0,45.0,-0.078
61.0,46.0,-0.074
61.0,47.0,-0.055
61.0,48.0,-0.048
61.0,49.0,-0.06
61.0,50.0,-0.061
61.0,51.0,-0.05
61.0,52.0,-0.044
61.0,53.0,-0.042
61.0,54.0,-0.044
61.0,55.0,-0.06
61.0,56.0,-0.073
61.0,57.0,-0.057
61.0,58.0,-0.039
61.0,59.0,-0.019
61.0,60.0,-0.024
61.0,61.0,-0.043
61.0,62.0,-0.045
61.0,63.0,-0.041
61.0,64.0,-0.034
61.0,65.0,-0.033
62.0,0.0,-0.104
62.0,1.0,-0.111
62.0,2.0,-0.095
62.0,3.0,-0.058
62.0,4.0,0.004
62.0,5.0,0.038
62.0,6.0,0.048
62.0,7.0,0.045
62.0,8.0,0.025
62.0,9.0,0.015
62.0,10.0,0.005
62.0,11.0,-0.016
62.0,12.0,-0.029
62.0,13.0,-0.039
62.0,14.0,-0.049
62.0,15.0,-0.056
62.0,16.0,-0.063
62.0,17.0,-0.068
62.0,18.0,-0.076
62.0,19.0,-0.079
62.0,20.0,-0.081
62.0,21.0,-0.083
62.0,22.0,-0.084
62.0,23.0,-0.084
62.0,24.0,-0.08
62.0,25.0,-0.085
62.0,26.0,-0.086
62.0,27.0,-0.086
62.0,28.0,-0.087
62.0,29.0,-0.083
62.0,30.0,-0.084
62.0,31.0,-0.09
62.0,32.0,-0.073
62.0,33.0,-0.072
62.0,34.0,-0.074
62.0,35.0,-0.076
62.0,36.0,-0.077
62.0,37.0,-0.078
62.0,38.0,-0.079
62.0,39.0,-0.078
62.0,40.0,-0.076
62.0,41.0,-0.073
62.0,42.0,-0.074
62.0,43.0,-0.076
62.0,44.0,-0.077
62.0,45.0,-0.078
62.0,46.0,-0.073
62.0,47.0,-0.054
62.0,48.0,-0.051
62.0,49.0,-0.059
62.0,50.0,-0.061
62.0,51.0,-0.054
62.0,52.0,-0.044
62.0,53.0,-0.042
62.0,54.0,-0.044
62.0,55.0,-0.06
62.0,56.0,-0.073
62.0,57.0,-0.061
62.0,58.0,-0.038
62.0,59.0,-0.019
62.0,60.0,-0.033
62.0,61.0,-0.042
62.0,62.0,-0.044
62.0,63.0,-0.04
62.0,64.0,-0.033
62.0,65.0,-0.032
63.0,0.0,-0.106
63.0,1.0,-0.107
63.0,2.0,-0.09
63.0,3.0,-0.022
63.0,4.0,0.017
63.0,5.0,0.038
63.0,6.0,0.047
63.0,7.0,0.045
63.0,8.0,0.037
63.0,9.0,0.014
63.0,10.0,0.004
63.0,11.0,-0.005
63.0,12.0,-0.025
63.0,13.0,-0.041
63.0,14.0,-0.051
63.0,15.0,-0.059
63.0,16.0,-0.065
63.0,17.0,-0.07
63.0,18.0,-0.073
63.0,19.0,-0.076
63.0,20.0,-0.079
63.0,21.0,-0.081
63.0,22.0,-0.082
63.0,23.0,-0.083
63.0,24.0,-0.083
63.0,25.0,-0.083
63.0,26.0,-0.084
63.0,27.0,-0.085
63.0,28.0,-0.086
63.0,29.0,-0.086
63.0,30.0,-0.087
63.0,31.0,-0.088
63.0,32.0,-0.076
63.0,33.0,-0.075
63.0,34.0,-0.077
63.0,35.0,-0.079
63.0,36.0,-0.08
63.0,37.0,-0.081
63.0,38.0,-0.082
63.0,39.0,-0.081
63.0,40.0,-0.079
63.0,41.0,-0.076
63.0,42.0,-0.077
63.0,43.0,-0.079
63.0,44.0,-0.08
63.0,45.0,-0.081
63.0,46.0,-0.076
63.0,47.0,-0.056
63.0,48.0,-0.049
63.0,49.0,-0.057
63.0,50.0,-0.064
63.0,51.0,-0.052
63.0,52.0,-0.047
63.0,53.0,-0.045
63.0,54.0,-0.047
63.0,55.0,-0.063
63.0,56.0,-0.075
63.0,57.0,-0.059
63.0,58.0,-0.041
63.0,59.0,-0.021
63.0,60.0,-0.035
63.0,61.0,-0.044
63.0,62.0,-0.046
63.0,63.0,-0.041
63.0,64.0,-0.034
63.0,65.0,-0.033
64.0,0.0,-0.103
64.0,1.0,-0.117
64.0,2.0,-0.093
64.0,3.0,-0.033
64.0,4.0,0.007
64.0,5.0,0.041
64.0,6.0,0.05
64.0,7.0,0.034
64.0,8.0,0.026
64.0,9.0,0.016
64.0,10.0,-0.007
64.0,11.0,-0.015
64.0,12.0,-0.023
64.0,13.0,-0.051
64.0,14.0,-0.061
64.0,15.0,-0.068
64.0,16.0,-0.075
64.0,17.0,-0.079
64.0,18.0,-0.088
64.0,19.0,-0.091
64.0,20.0,-0.093
64.0,21.0,-0.095
64.0,22.0,-0.091
64.0,23.0,-0.092
64.0,24.0,-0.092
64.0,25.0,-0.092
64.0,26.0,-0.098
64.0,27.0,-0.099
64.0,28.0,-0.095
64.0,29.0,-0.095
64.0,30.0,-0.096
64.0,31.0,-0.097
64.0,32.0,-0.085
64.0,33.0,-0.084
64.0,34.0,-0.086
64.0,35.0,-0.088
64.0,36.0,-0.089
64.0,37.0,-0.09
64.0,38.0,-0.091
64.0,39.0,-0.09
64.0,40.0,-0.088
64.0,41.0,-0.085
64.0,42.0,-0.086
64.0,43.0,-0.088
64.0,44.0,-0.089
64.0,45.0,-0.09
64.0,46.0,-0.084
64.0,47.0,-0.059
64.0,48.0,-0.057
64.0,49.0,-0.07
64.0,50.0,-0.072
64.0,51.0,-0.061
64.0,52.0,-0.056
64.0,53.0,-0.054
64.0,54.0,-0.056
64.0,55.0,-0.071
64.0,56.0,-0.083
64.0,57.0,-0.068
64.0,58.0,-0.05
64.0,59.0,-0.03
64.0,60.0,-0.034
64.0,61.0,-0.053
64.0,62.0,-0.054
64.0,63.0,-0.049
64.0,64.0,-0.042
64.0,65.0,-0.031
65.0,0.0,-0.125
65.0,1.0,-0.125
65.0,2.0,-0.101
65.0,3.0,-0.041
65.0,4.0,-0.001
65.0,5.0,0.033
65.0,6.0,0.048
65.0,7.0,0.04
65.0,8.0,0.019
65.0,9.0,0.009
65.0,10.0,-0.014
65.0,11.0,-0.023
65.0,12.0,-0.03
65.0,13.0,-0.052
65.0,14.0,-0.067
65.0,15.0,-0.074
65.0,16.0,-0.08
65.0,17.0,-0.085
65.0,18.0,-0.093
65.0,19.0,-0.096
65.0,20.0,-0.099
65.0,21.0,-0.101
65.0,22.0,-0.102
65.0,23.0,-0.102
65.0,24.0,-0.102
65.0,25.0,-0.103
65.0,26.0,-0.104
65.0,27.0,-0.104
65.0,28.0,-0.105
65.0,29.0,-0.105
65.0,30.0,-0.106
65.0,31.0,-0.107
65.0,32.0,-0.091
65.0,33.0,-0.089
65.0,34.0,-0.091
65.0,35.0,-0.093
65.0,36.0,-0.094
65.0,37.0,-0.095
65.0,38.0,-0.096
65.0,39.0,-0.095
65.0,40.0,-0.093
65.0,41.0,-0.091
65.0,42.0,-0.092
65.0,43.0,-0.093
65.0,44.0,-0.094
65.0,45.0,-0.094
65.0,46.0,-0.089
65.0,47.0,-0.064
65.0,48.0,-0.063
65.0,49.0,-0.075
65.0,50.0,-0.078
65.0,51.0,-0.066
65.0,52.0,-0.062
65.0,53.0,-0.06
65.0,54.0,-0.061
65.0,55.0,-0.076
65.0,56.0,-0.088
65.0,57.0,-0.077
65.0,58.0,-0.055
65.0,59.0,-0.035
65.0,60.0,-0.039
65.0,61.0,-0.058
65.0,62.0,-0.059
65.0,63.0,-0.054
65.0,64.0,-0.037
65.0,65.0,-0.036
